WeekName,LecturerFirstName,LecturerLastName,Lecturer,Type,LectureTitle,StartDate,Column1,StartTime,Length,Description,Location,DateLastYear,DaysAfterStart,StartDate2020,Day_Of_Week
Advanced Statistics,Josh,Hodge,Josh Hodge,Lecture,Introduction to Multivariate Statistics ,2020-01-20,2020-01-13,10:00,2,,Haldane,TRUE,112,2021-01-25,1
Advanced Statistics,Josh,Hodge,Josh Hodge,Practical,Hotellings and MANOVA in R,2020-01-20,2020-01-13,14:00,3,,Hamilton Computer Lab,TRUE,112,2021-01-25,1
Advanced Statistics,Josh,Hodge,Josh Hodge,Lecture,Ordination and Principal Components Analysis ,2020-01-21,2020-01-14,10:00,2,,Haldane,TRUE,113,2021-01-26,2
Advanced Statistics,Josh,Hodge,Josh Hodge,Practical,Principal Components Analysis in R,2020-01-21,2020-01-14,14:00,3,,Hamilton Computer Lab,TRUE,113,2021-01-26,2
Advanced Statistics,Josh,Hodge,Josh Hodge,Workshop,Journal Club- Multivariate Statistics in Ecological Papers,2020-01-22,2020-01-15,10:00,2,,Hamilton Computer Lab,TRUE,114,2021-01-27,3
Advanced Statistics,Samraat,Pawar,Samraat Pawar,Lecture,Non-linear models in Ecology and Evolution,2020-01-23,2020-01-16,10:00,1,Fitting nonlinear models to data,Haldane,TRUE,115,2021-01-28,4
Advanced Statistics,Samraat,Pawar,Samraat Pawar,Lecture+Examples,Non-linear least squares fitting methods using R,2020-01-23,2020-01-16,11:00,1,Fitting nonlinear models to data short exercises,Hamilton Computer Lab,TRUE,115,2021-01-28,4
Advanced Statistics,Samraat,Pawar,Samraat Pawar,Practical,Non-linear least squares fitting methods using R,2020-01-23,2020-01-16,14:00,3,Fitting nonlinear models to data - working out examples,Hamilton Computer Lab,TRUE,115,2021-01-28,4
Advanced Statistics,Julia,Schroeder,Julia Schroeder,Lecture,"Ageing wild populations, and cross-sectional vs longitudinal analyses",2020-01-24,2020-01-17,09:30,1.5,What are cross-sectional datasets and what are the associated problems?,Haldane,TRUE,116,2021-01-29,5
Advanced Statistics,Julia,Schroeder,Julia Schroeder,Lecture,Longitudinal and cross-sectional analysis,2020-01-24,2020-01-17,11:00,0.5,Distinguishing longitudinal approaches from cross-sectional ones,Haldane,TRUE,116,2021-01-29,5
Advanced Statistics,Julia,Schroeder,Julia Schroeder,Practical,Longitudinal and cross-sectional analysis in R,2020-01-24,2020-01-17,14:00,2,Hands on,Hamilton Computer Lab,TRUE,116,2021-01-29,5
Agroecology / Agritech,Lauren,Cator,Lauren Cator,Lecture,Introduction,2021-01-11,2021-01-04,09:30,0.5,,,FALSE,98,2021-01-11,1
Agroecology / Agritech,Richard,Gill,Richard Gill,Lecture,Hypotheses: What makes a good one?,2021-01-11,2021-01-04,10:15,1.5,,,FALSE,98,2021-01-11,1
Agroecology / Agritech,Richard,Gill,Richard Gill,Field Practical,Raising Hypotheses and Grant Pitches,2021-01-11,2021-01-04,14:00,2,,,FALSE,98,2021-01-11,1
Agroecology / Agritech,Richard,Gill,Richard Gill,Lecture,Behaviour and Ecosystems Services,2021-01-12,2021-01-05,11:00,1,,,FALSE,99,2021-01-12,2
Agroecology / Agritech,Richard,Gill,Richard Gill,Field Practical,Bee Behaviour,2021-01-12,2021-01-05,13:30,3.5,,,FALSE,99,2021-01-12,2
Agroecology / Agritech,Richard,Gill,Richard Gill,Field Practical,Bee Behaviour continued,2021-01-13,2021-01-06,09:00,2,,,FALSE,100,2021-01-13,3
Agroecology / Agritech,Richard,Gill,Richard Gill,Computer Practical,Behavioural Data Anaylsis and Visualisation,2021-01-13,2021-01-06,11:15,2.25,,,FALSE,100,2021-01-13,3
Agroecology / Agritech,Oliver,Windram,Oliver Windram,Lecture,TBC,2021-01-14,2021-01-07,10:00,1,,,FALSE,101,2021-01-14,4
Agroecology / Agritech,Oliver,Windram,Oliver Windram,Practical,TBC,2021-01-14,2021-01-07,13:00,3,,,FALSE,101,2021-01-14,4
Agroecology / Agritech,Keith,Walters,Keith Walters,Field Trip,Syngenta visit (TBC),2021-01-15,2021-01-08,10:00,6,,,FALSE,102,2021-01-15,5
Bayesian Methods,Matteo,Fumagalli,Matteo Fumagalli,Lecture,Lecture,2020-02-17,2020-02-10,10:00,1,,Wallace,TRUE,140,2021-02-22,1
Bayesian Methods,Matteo,Fumagalli,Matteo Fumagalli,Lecture,Lecture,2020-02-17,2020-02-10,11:30,1,,Wallace,TRUE,140,2021-02-22,1
Bayesian Methods,Matteo,Fumagalli,Matteo Fumagalli,Practical,Practical  ,2020-02-17,2020-02-10,14:00,3,,Wallace,TRUE,140,2021-02-22,1
Bayesian Methods,Matteo,Fumagalli,Matteo Fumagalli,Lecture,Lecture,2020-02-18,2020-02-11,10:00,1,,Wallace,TRUE,141,2021-02-23,2
Bayesian Methods,Matteo,Fumagalli,Matteo Fumagalli,Lecture,Lecture,2020-02-18,2020-02-11,11:30,1,,Wallace,TRUE,141,2021-02-23,2
Bayesian Methods,Matteo,Fumagalli,Matteo Fumagalli,Practical,Practical,2020-02-18,2020-02-11,14:00,3,,Wallace,TRUE,141,2021-02-23,2
Bayesian Methods,Matteo,Fumagalli,Matteo Fumagalli,Lecture,Lecture,2020-02-19,2020-02-12,10:00,1,,Wallace,TRUE,142,2021-02-24,3
Bayesian Methods,Matteo,Fumagalli,Matteo Fumagalli,Lecture,Lecture,2020-02-19,2020-02-12,11:30,1,,Wallace,TRUE,142,2021-02-24,3
Bayesian Methods,Matteo,Fumagalli,Matteo Fumagalli,Lecture,Lecture,2020-02-20,2020-02-13,10:00,1,,Wallace,TRUE,143,2021-02-25,4
Bayesian Methods,Matteo,Fumagalli,Matteo Fumagalli,Lecture,Lecture,2020-02-20,2020-02-13,11:30,1,,Wallace,TRUE,143,2021-02-25,4
Bayesian Methods,Matteo,Fumagalli,Matteo Fumagalli,Practical,Practical,2020-02-20,2020-02-13,14:00,3,,Wallace,TRUE,143,2021-02-25,4
Bayesian Methods,Matteo,Fumagalli,Matteo Fumagalli,Lecture,Lecture,2020-02-21,2020-02-14,10:00,1,,Wallace,TRUE,144,2021-02-26,5
Bayesian Methods,Matteo,Fumagalli,Matteo Fumagalli,Lecture,Lecture,2020-02-21,2020-02-14,11:30,1,,Wallace,TRUE,144,2021-02-26,5
Bayesian Methods,Matteo,Fumagalli,Matteo Fumagalli,Practical,Practical,2020-02-21,2020-02-14,14:00,3,,Wallace,TRUE,144,2021-02-26,5
Behavioural Ecology,Lauren,Cator,Lauren Cator,Lecture,Introduction,2021-03-08,2021-03-01,09:30,0.5,,,FALSE,154,2021-03-08,1
Behavioural Ecology,Richard,Gill,Richard Gill,Lecture,Hypotheses: What makes a good one?,2021-03-08,2021-03-01,10:15,1.5,,,FALSE,154,2021-03-08,1
Behavioural Ecology,Richard,Gill,Richard Gill,Field Practical,Raising Hypotheses and Grant Pitches,2021-03-08,2021-03-01,14:00,2,,,FALSE,154,2021-03-08,1
Behavioural Ecology,Richard,Gill,Richard Gill,Lecture,Behaviour and Ecosystems Services,2021-03-09,2021-03-02,11:00,1,,,FALSE,155,2021-03-09,2
Behavioural Ecology,Richard,Gill,Richard Gill,Field Practical,Bee Behaviour,2021-03-09,2021-03-02,13:30,3.5,,,FALSE,155,2021-03-09,2
Behavioural Ecology,Richard,Gill,Richard Gill,Field Practical,Bee Behaviour continued,2021-03-10,2021-03-03,09:00,2,,,FALSE,156,2021-03-10,3
Behavioural Ecology,Richard,Gill,Richard Gill,Computer Practical,Behavioural Data Anaylsis and Visualisation,2021-03-10,2021-03-03,11:15,2.25,,,FALSE,156,2021-03-10,3
Behavioural Ecology,Lauren,Cator,Lauren Cator,Lecture,Fitness: It's a Bugger,2021-03-12,2021-03-05,09:00,1.5,,,FALSE,158,2021-03-12,5
Behavioural Ecology,Olivia,Judson,Olivia Judson,Lecture,Sexual Selection (TBC),2021-03-12,2021-03-05,10:45,1,,,FALSE,158,2021-03-12,5
Behavioural Ecology,Olivia,Judson,Olivia Judson,Discussion,Scientific Writing for Journalism (TBC),2021-03-12,2021-03-05,12:00,1,,,FALSE,158,2021-03-12,5
Behavioural Ecology,Lauren,Cator,Lauren Cator,Lecture,Mating Behaviour and the control of mosquitoes,2021-03-12,2021-03-05,14:00,1,,,FALSE,158,2021-03-12,5
Behavioural Ecology,Lauren,Cator,Lauren Cator,Lecture,Infection and Behaviour,2021-03-11,2021-03-04,10:00,1,,,FALSE,157,2021-03-11,4
Behavioural Ecology,Lauren,Cator,Lauren Cator,Discussion,Is it manipulation?,2021-03-11,2021-03-04,11:00,1,,,FALSE,157,2021-03-11,4
Behavioural Ecology,Lauren,Cator,Lauren Cator,Lecture,Infection and Control,2021-03-11,2021-03-04,14:00,1,,,FALSE,157,2021-03-11,4
Biocontrol and Integrated Pest Management,Dick,Shaw,Dick Shaw,Field Trip,Tour of CABI facilities in Egham (meet at Silwood 0900 hrs),2020-12-15,2020-12-08,09:30,2,,,FALSE,71,2020-12-15,2
Biocontrol and Integrated Pest Management,Samantha,O'Loughlin,Samantha O'Loughlin,Lecture,"Target Malaria: Preparing for Releases (Lecture, Samantha O)",2020-12-16,2020-12-09,09:30,1,,Darwin,FALSE,72,2020-12-16,3
Biocontrol and Integrated Pest Management,Graham,Matthews,Graham Matthews,Lecture,Integrated Pest Management,2020-12-17,2020-12-10,09:30,1.5,,Darwin,FALSE,73,2020-12-17,4
Biocontrol and Integrated Pest Management,Dick,Shaw,Dick Shaw,Computer Lab,"Time to work on Invasive Priorities Project (Independent Research, Computer Lab?, Lauren)",2020-12-17,2020-12-10,09:30,2.5,,Seminar Room 2,FALSE,73,2020-12-17,4
Biocontrol and Integrated Pest Management,Dick,Shaw,Dick Shaw,Computer Lab,"Time to work on Invasive Priorities Project (Independent Research, Computer Lab?, Lauren)",2020-12-18,2020-12-11,09:30,1.5,,Darwin,FALSE,74,2020-12-18,5
Biocontrol and Integrated Pest Management,Denis,Wright,Denis Wright,Lecture,"Setting the scene: definitions, theoretical and practical considerations",2020-12-14,2020-12-07,10:00,1,,Darwin,FALSE,70,2020-12-14,1
Biocontrol and Integrated Pest Management,Dick,Shaw,Dick Shaw,Computer Lab,"Time to work on Invasive Priorities Project (Independent Research, Computer Lab?, Lauren)",2020-12-16,2020-12-09,10:30,3,,Seminar Room 2,FALSE,72,2020-12-16,3
Biocontrol and Integrated Pest Management,Dick,Shaw,Dick Shaw,Computer Lab,"Time to work on Invasive Priorities Project (Independent Research, Computer Lab?, Lauren)",2020-12-17,2020-12-10,11:00,5,,Seminar Room 2,FALSE,73,2020-12-17,4
Biocontrol and Integrated Pest Management,Sean,Murphy,Sean Murphy,Lecture,Insect Biocontrol,2020-12-18,2020-12-11,11:00,1,,Darwin,FALSE,74,2020-12-18,5
Biocontrol and Integrated Pest Management,Denis,Wright,Denis Wright,Lecture,"Setting the scene: definitions, theoretical and practical considerations continued",2020-12-14,2020-12-07,11:15,1,,Darwin,FALSE,70,2020-12-14,1
Biocontrol and Integrated Pest Management,Dick,Shaw,Dick Shaw,Field Trip,"Introduction to Invasive Priorities Project (Independent Research, Dick Shaw)",2020-12-15,2020-12-08,12:00,1,,,FALSE,71,2020-12-15,2
Biocontrol and Integrated Pest Management,Dick,Shaw,Dick Shaw,Lecture,Plant Biocontrol Lecture and Role Play Activity ,2020-12-14,2020-12-07,13:30,2.5,,Darwin,FALSE,70,2020-12-14,1
Biocontrol and Integrated Pest Management,Belinda,Luke,Belinda Luke,Field Trip,"Biopesticides (Lecture, Steve)",2020-12-15,2020-12-08,14:00,1.5,,,FALSE,71,2020-12-15,2
Biocontrol and Integrated Pest Management,Dick,Shaw,Dick Shaw,Lecture,"Invasive Priorities: Findings and Testing Sheet (Discussion, Dick Shaw)",2020-12-18,2020-12-11,14:00,1.5,,Darwin,FALSE,74,2020-12-18,5
Biodiversity,Rob,Ewers,Rob Ewers,Discussion,Estimating species richness,2019-12-02,2019-11-25,10:00,2,Concepts and methods (iRAT + tRAT),,TRUE,63,2020-12-07,1
Biodiversity,Rob,Ewers,Rob Ewers,Computer Practical,Estimating species richness,2019-12-02,2019-11-25,13:00,3,Estimating species richness (tAPP),Hamilton Computer Room,TRUE,63,2020-12-07,1
Biodiversity,Rob,Ewers,Rob Ewers,Discussion,Measuring species diversity,2019-12-03,2019-11-26,10:00,2,Concepts and methods (iRAT + tRAT),,TRUE,64,2020-12-08,2
Biodiversity,Rob,Ewers,Rob Ewers,Computer Practical,Measuring species diversity,2019-12-03,2019-11-26,13:00,3,Measuring species diversity (tAPP),Hamilton Computer Room,TRUE,64,2020-12-08,2
Biodiversity,Rob,Ewers,Rob Ewers,Discussion,Sampling issues,2019-12-04,2019-11-27,10:00,2,Concepts and methods (iRAT + tRAT),,TRUE,65,2020-12-09,3
Biodiversity,Rob,Ewers,Rob Ewers,Discussion,Compositional similarity and beta-diversity,2019-12-05,2019-11-28,10:00,2,Concepts and methods (iRAT + tRAT),,TRUE,66,2020-12-10,4
Biodiversity,Rob,Ewers,Rob Ewers,Computer Practical,Compositional similarity and beta-diversity,2019-12-05,2019-11-28,13:00,3,Compositional similarity and beta-diversity (tAPP),Hamilton Computer Room,TRUE,66,2020-12-10,4
Biodiversity,,, ,Practical,TFE - OH visit to SK,2019-11-08,2019-11-01,07:30,8,"Bus will leave from Silwood at 07:30, and depart from SK at 14:00",,TRUE,39,2020-11-13,5
Biogeochemistry,Terhi,Riutta,Terhi Riutta,Lecture,Ecosystem carbon cycle,2019-11-25,2019-11-18,10:00,2,,Fisher,TRUE,56,2020-11-30,1
Biogeochemistry,Terhi,Riutta,Terhi Riutta,Practical,Millipede mesocosm experiment I,2019-11-25,2019-11-18,14:00,3,,Field lab,TRUE,56,2020-11-30,1
Biogeochemistry,Colin,Prentice,Colin Prentice,Lecture,Global carbon cycle,2019-11-26,2019-11-19,10:00,2,,Fisher,TRUE,57,2020-12-01,2
Biogeochemistry,Terhi,Riutta,Terhi Riutta,Practical,Leaf litter collection and processing,2019-11-26,2019-11-19,14:00,3,,Field lab,TRUE,57,2020-12-01,2
Biogeochemistry,Terhi,Riutta,Terhi Riutta,Lecture,GHG budget,2019-11-27,2019-11-20,10:00,2,,Fisher,TRUE,58,2020-12-02,3
Biogeochemistry,Terhi,Riutta,Terhi Riutta,Computer practical,Carbon budget quantification,2019-11-28,2019-11-21,09:00,3,,Hamilton Computer Room,TRUE,59,2020-12-03,4
Biogeochemistry,Terhi,Riutta,Terhi Riutta,Practical,Leaf litter processing + Millipede mesocosm experiment II,2019-11-28,2019-11-21,14:00,3,,Field lab,TRUE,59,2020-12-03,4
Biogeochemistry,Terhi,Riutta,Terhi Riutta,Computer Practical,Data synthesis,2019-11-29,2019-11-22,09:00,3,,Hamilton Computer Room,TRUE,60,2020-12-04,5
Biogeochemistry,Terhi,Riutta,Terhi Riutta,Computer Practical,Data synthesis,2019-11-29,2019-11-22,14:00,2,,Hamilton Computer Room,TRUE,60,2020-12-04,5
Biological Computing in Python II,Samraat,Pawar,Samraat Pawar,Lectures+Exercises,Scientific computing (number crunching!) in Python using Scipy,2019-11-11,2019-11-04,10:00,1,,CPB,TRUE,42,2020-11-16,1
Biological Computing in Python II,Samraat,Pawar,Samraat Pawar,Lectures+Exercises,Scientific computing (number crunching!) in Python using Scipy,2019-11-11,2019-11-04,11:30,1,,CPB,TRUE,42,2020-11-16,1
Biological Computing in Python II,Samraat,Pawar,Samraat Pawar,Lecture+Practicals,Scientific computing (number crunching!) in Python using Scipy,2019-11-11,2019-11-04,14:00,3,,CPB,TRUE,42,2020-11-16,1
Biological Computing in Python II,Samraat,Pawar,Samraat Pawar,Lectures+Exercises,Profiling and debugging in Python,2019-11-12,2019-11-05,10:00,1,,CPB,TRUE,43,2020-11-17,2
Biological Computing in Python II,Samraat,Pawar,Samraat Pawar,Lectures+Exercises,Profiling and debugging in Python,2019-11-12,2019-11-05,11:30,1,,CPB,TRUE,43,2020-11-17,2
Biological Computing in Python II,Samraat,Pawar,Samraat Pawar,Lecture+Practicals,Profiling and debugging in Python,2019-11-12,2019-11-05,14:00,3,,CPB,TRUE,43,2020-11-17,2
Biological Computing in Python II,Samraat,Pawar,Samraat Pawar,Lecture+Practicals,Python regex,2019-11-13,2019-11-06,10:00,1,,CPB,TRUE,44,2020-11-18,3
Biological Computing in Python II,Samraat,Pawar,Samraat Pawar,Lecture+Practicals,Python regex,2019-11-13,2019-11-06,11:30,1,,CPB,TRUE,44,2020-11-18,3
Biological Computing in Python II,Samraat,Pawar,Samraat Pawar,Lectures+Exercises,Jupyter notebooks + pandas + sympy,2019-11-14,2019-11-07,10:00,1,,CPB,TRUE,45,2020-11-19,4
Biological Computing in Python II,Samraat,Pawar,Samraat Pawar,Lectures+Exercises,Jupyter notebooks + pandas + sympy,2019-11-14,2019-11-07,11:30,1,,CPB,TRUE,45,2020-11-19,4
Biological Computing in Python II,Samraat,Pawar,Samraat Pawar,Lecture+Practicals,Jupyter notebooks + pandas + sympy,2019-11-14,2019-11-07,14:00,3,,CPB,TRUE,45,2020-11-19,4
Biological Computing in Python II,Samraat,Pawar,Samraat Pawar,Lectures+Exercises,Build and run your workflow with Python,2019-11-15,2019-11-08,10:00,1,,CPB,TRUE,46,2020-11-20,5
Biological Computing in Python II,Samraat,Pawar,Samraat Pawar,Lectures+Exercises,Build and run your workflow with Python,2019-11-15,2019-11-08,11:30,1,,CPB,TRUE,46,2020-11-20,5
Biological Computing in Python II,Samraat,Pawar,Samraat Pawar,Lecture+Practicals,Build and run your workflow with Python,2019-11-15,2019-11-08,14:00,3,,CPB,TRUE,46,2020-11-20,5
Biological Computing in R,Josh,Hodge,Josh Hodge,Lecture,"Introduction to the Week, Biological Computing and the R Environment",2019-10-14,2019-10-07,09:00,2,,Fisher/Haldane,TRUE,14,2020-10-19,1
Biological Computing in R,Josh,Hodge,Josh Hodge,Practical ,Setting up R and working with swirl,2019-10-14,2019-10-07,11:00,1,,Hamilton Computer Lab,TRUE,14,2020-10-19,1
Biological Computing in R,Josh,Hodge,Josh Hodge,Lecture,"Introduction to the Week, Biological Computing and the R Environment",2019-10-14,2019-10-07,13:30,2,,Fisher/Haldane,TRUE,14,2020-10-19,1
Biological Computing in R,Josh,Hodge,Josh Hodge,Practical ,Setting up R and working with swirl,2019-10-14,2019-10-07,15:30,1,,Hamilton Computer Lab,TRUE,14,2020-10-19,1
Biological Computing in R,Josh,Hodge,Josh Hodge,Lecture,Introduction to Data Wrangling ,2019-10-17,2019-10-10,09:00,0.75,,Hamilton Computer Lab,TRUE,17,2020-10-22,4
Biological Computing in R,Josh,Hodge,Josh Hodge,Practical ,Using tidyr and dplyr,2019-10-17,2019-10-10,10:00,2,,Hamilton Computer Lab,TRUE,17,2020-10-22,4
Biological Computing in R,Josh,Hodge,Josh Hodge,Lecture,Introduction to Data Wrangling ,2019-10-17,2019-10-10,13:30,0.75,,Hamilton Computer Lab,TRUE,17,2020-10-22,4
Biological Computing in R,Josh,Hodge,Josh Hodge,Practical ,Using dplyr,2019-10-17,2019-10-10,14:30,2,,Hamilton Computer Lab,TRUE,17,2020-10-22,4
Biological Computing in R,Josh,Hodge,Josh Hodge,Lecture,Introduction to Coding in R,2019-10-15,2019-10-08,09:00,0.75,,Hamilton Computer Lab,TRUE,15,2020-10-20,2
Biological Computing in R,Josh,Hodge,Josh Hodge,Practical ,Coding in R,2019-10-15,2019-10-08,10:00,2,,Hamilton Computer Lab,TRUE,15,2020-10-20,2
Biological Computing in R,Josh,Hodge,Josh Hodge,Lecture,Introduction to Coding in R,2019-10-15,2019-10-08,13:30,0.75,,Hamilton Computer Lab,TRUE,15,2020-10-20,2
Biological Computing in R,Josh,Hodge,Josh Hodge,Practical ,Coding in R,2019-10-15,2019-10-08,14:30,2,,Hamilton Computer Lab,TRUE,15,2020-10-20,2
Biological Computing in R,Josh,Hodge,Josh Hodge,Lecture,Introduction to Graphics in R,2019-10-18,2019-10-11,09:00,0.75,,Hamilton Computer Lab,TRUE,18,2020-10-23,5
Biological Computing in R,Josh,Hodge,Josh Hodge,Practical ,Application to Novel Datasets,2019-10-18,2019-10-11,10:00,2,,Hamilton Computer Lab,TRUE,18,2020-10-23,5
Biological Computing in R,Josh,Hodge,Josh Hodge,Lecture,Introduction to Graphics in R,2019-10-18,2019-10-11,13:30,0.75,,Hamilton Computer Lab,TRUE,18,2020-10-23,5
Biological Computing in R,Josh,Hodge,Josh Hodge,Practical ,Application to Novel Datasets,2019-10-18,2019-10-11,14:30,2,,Hamilton Computer Lab,TRUE,18,2020-10-23,5
Biological Data Structures and C,Martin,Brazeau,Martin Brazeau,Lecture,Introduction to C; the C compiler; first C program,2021-01-11,2021-01-04,10:00,1,,Wallace,FALSE,98,2021-01-11,1
Biological Data Structures and C,Martin,Brazeau,Martin Brazeau,Lecture,"Variables, data types, and memory",2021-01-11,2021-01-04,11:30,1,,Wallace,FALSE,98,2021-01-11,1
Biological Data Structures and C,Martin,Brazeau,Martin Brazeau,Lecture+Practicals,"Arrays, strings; control flow, looping, and scope; writing first programs. ",2021-01-11,2021-01-04,14:00,3,,Wallace,FALSE,98,2021-01-11,1
Biological Data Structures and C,Martin,Brazeau,Martin Brazeau,Lecture,Functions and scope,2021-01-12,2021-01-05,10:00,1,,Wallace,FALSE,99,2021-01-12,2
Biological Data Structures and C,Martin,Brazeau,Martin Brazeau,Lecture,"The stack, the heap, lower-level analysis of memory",2021-01-12,2021-01-05,11:30,1,,Wallace,FALSE,99,2021-01-12,2
Biological Data Structures and C,Martin,Brazeau,Martin Brazeau,Lecture+Practicals,Advanced data types; bitwise operations,2021-01-12,2021-01-05,14:00,3,,Wallace,FALSE,99,2021-01-12,2
Biological Data Structures and C,Martin,Brazeau,Martin Brazeau,Lecture,Pointers; pointers and advanced data types,2021-01-13,2021-01-06,10:00,1,,Wallace,FALSE,100,2021-01-13,3
Biological Data Structures and C,Martin,Brazeau,Martin Brazeau,Lecture,Memory management,2021-01-13,2021-01-06,11:30,1,,Wallace,FALSE,100,2021-01-13,3
Biological Data Structures and C,Martin,Brazeau,Martin Brazeau,Lecture,Practical pointers: trees and linked lists with biological applications,2021-01-14,2021-01-07,10:00,1,,Wallace,FALSE,101,2021-01-14,4
Biological Data Structures and C,Martin,Brazeau,Martin Brazeau,Lecture,Other representations of (phylogenetic) trees and networks,2021-01-14,2021-01-07,11:30,1,,Wallace,FALSE,101,2021-01-14,4
Biological Data Structures and C,Martin,Brazeau,Martin Brazeau,Lecture+Practicals,Packing discrete biological data into bits to speed up your code.,2021-01-14,2021-01-07,14:00,3,,Wallace,FALSE,101,2021-01-14,4
Biological Data Structures and C,Martin,Brazeau,Martin Brazeau,Lecture,"Headers, multiple files, working with other languages (R and Python)",2021-01-15,2021-01-08,10:00,1,,Wallace,FALSE,102,2021-01-15,5
Biological Data Structures and C,Martin,Brazeau,Martin Brazeau,Lecture,Optimising your Python/R code with C (or your knowledge of C),2021-01-15,2021-01-08,11:30,1,,Wallace,FALSE,102,2021-01-15,5
Biological Data Structures and C,Martin,Brazeau,Martin Brazeau,Lecture+Practicals,Safe programming practices; partial object-orientation in C,2021-01-15,2021-01-08,14:00,3,,Wallace,FALSE,102,2021-01-15,5
CMEE Miniproject: Hackathon,Samraat,Pawar,Samraat Pawar,Practicals,Miniproject Hackathon!,2019-11-18,2019-11-11,10:00,1,"Discussions about miniproject progress, set up for Hackathon",CPB,TRUE,49,2020-11-23,1
CMEE Miniproject: Hackathon,Samraat,Pawar,Samraat Pawar,Practicals,Miniproject Hackathon!,2019-11-18,2019-11-11,11:30,1,Work on miniproject,CPB,TRUE,49,2020-11-23,1
CMEE Miniproject: Hackathon,Samraat,Pawar,Samraat Pawar,Practicals,Miniproject Hackathon!,2019-11-18,2019-11-11,14:00,3,Work on miniproject,CPB,TRUE,49,2020-11-23,1
CMEE Miniproject: Hackathon,Samraat,Pawar,Samraat Pawar,Practicals,Miniproject Hackathon!,2019-11-19,2019-11-12,10:00,2.5,Work on miniproject,CPB,TRUE,50,2020-11-24,2
CMEE Miniproject: Hackathon,Samraat,Pawar,Samraat Pawar,Practicals,Miniproject Hackathon!,2019-11-19,2019-11-12,14:00,3,Work on miniproject,CPB,TRUE,50,2020-11-24,2
CMEE Miniproject: Hackathon,Samraat,Pawar,Samraat Pawar,Practicals,Miniproject Hackathon!,2019-11-20,2019-11-13,10:00,2.5,Work on miniproject,CPB,TRUE,51,2020-11-25,3
CMEE Miniproject: Hackathon,Samraat,Pawar,Samraat Pawar,Practicals,Miniproject Hackathon!,2019-11-21,2019-11-14,10:00,2.5,Work on miniproject,CPB,TRUE,52,2020-11-26,4
CMEE Miniproject: Hackathon,Samraat,Pawar,Samraat Pawar,Practicals,Miniproject Hackathon!,2019-11-21,2019-11-14,14:00,3,Work on miniproject,CPB,TRUE,52,2020-11-26,4
CMEE Miniproject: Hackathon,Samraat,Pawar,Samraat Pawar,Practicals,Miniproject Hackathon!,2019-11-22,2019-11-15,10:00,2.5,Work on miniproject,CPB,TRUE,53,2020-11-27,5
CMEE Miniproject: Hackathon,Samraat,Pawar,Samraat Pawar,Practicals,Hackathon week reckoning,2019-11-22,2019-11-15,14:00,3,Work on miniproject,CPB,TRUE,53,2020-11-27,5
"CMEE Miniproject: Intro, project selection and preliminary work",Samraat,Pawar,Samraat Pawar,Lecture,Modelling and Model Fitting in Ecology and Evolution,2019-10-25,2019-10-18,14:00,1,"Modelling, model fitting, and the nature of Quantitative Ecology and Evolution",CPB,TRUE,25,2020-10-30,5
"CMEE Miniproject: Intro, project selection and preliminary work",Samraat,Pawar,Samraat Pawar,Lecture,Introduction to the miniproject,2019-10-25,2019-10-18,15:00,1,Objectives and guidelines for the miniproject,CPB,TRUE,25,2020-10-30,5
"CMEE Miniproject: Intro, project selection and preliminary work",Samraat,Pawar,Samraat Pawar,Practicals,Model fitting Practical,2019-10-28,2019-10-21,14:00,2.5,Model fitting Practical,CPB,TRUE,28,2020-11-02,1
"CMEE Miniproject: Intro, project selection and preliminary work",Samraat,Pawar,Samraat Pawar,Practicals,Choose miniproject + preliminary work,2019-10-29,2019-10-22,14:00,3,Group and 1:1 discussions to choose miniproject + preliminary work,CPB,TRUE,29,2020-11-03,2
Silwood Campus Introduction,Guy,Woodward,Guy Woodward,Lecture,Welcome to Silwood Park,2020-10-05,2020-09-28,09:00,1,,Fisher/Haldane,FALSE,0,2020-10-05,1
Silwood Campus Introduction,Tim,Barraclough,Tim Barraclough,Field practical,Silwood Treasure Hunt,2020-10-05,2020-09-28,11:00,2,"In teams with other new Masters and PhDs. In teams with other new Masters and PhDs, you will scour Silwood for answers to Tim Barracloughs fiendish geographically and ecologically based questions. Meet at the Hamilton building foyer and be prepared in case of bad weather.",Silwood Field,FALSE,0,2020-10-05,1
Silwood Campus Introduction,,, ,Social,Buffet Lunch,2020-10-05,2020-09-28,13:00,1,,Hamilton Foyer,FALSE,0,2020-10-05,1
Silwood Campus Introduction,Debbie,Phillips,Debbie Phillips,Induction,Introduction to the library-MRes Tropical Forset Ecology,2020-10-06,2020-09-29,10:00,1.5,,Hamilton Computer Lab,FALSE,1,2020-10-06,2
Silwood Campus Introduction,,, ,Social ,Welcome Reception,2020-10-06,2020-09-29,17:00,2,Introduction to student activities and people,CPB,FALSE,1,2020-10-06,2
Silwood Campus Introduction,Debbie,Phillips,Debbie Phillips,Induction,Introduction to the library- MSc Conservation Science,2020-10-07,2020-09-30,09:30,1.5,,Hamilton Computer Lab,FALSE,2,2020-10-07,3
Silwood Campus Introduction,Debbie,Phillips,Debbie Phillips,Induction,"Introduction to the library- Mres/MSC Ecology,Evolution and Conservation",2020-10-07,2020-09-30,14:30,1.5,,Hamilton Computer Lab,FALSE,2,2020-10-07,3
Silwood Campus Introduction,Debbie,Phillips,Debbie Phillips,Induction,Introduction to the library- Masters Computational Methods in Ecology and Evolution,2020-10-07,2020-09-30,16:00,1.5,,Hamilton Computer Lab,FALSE,2,2020-10-07,3
Silwood Campus Introduction,Janet,De Wilde,Janet De Wilde,Workshop,Professional Skill Development Programme,2020-10-08,2020-10-01,09:30,3.5,A separate timetable will be provided,Fisher/Haldane,FALSE,3,2020-10-08,4
Silwood Campus Introduction,Janet,De Wilde,Janet De Wilde,Workshop,Professional Skill Development Programme,2020-10-08,2020-10-01,14:00,3.5,A separate timetable will be provided,Fisher/Haldane,FALSE,3,2020-10-08,4
Silwood Campus Introduction,Various,,Various ,Presentation,Silwood Labs\ & Projects Talks,2020-10-08,2020-10-01,15:45,1.5,,CPB,FALSE,3,2020-10-08,4
Silwood Campus Introduction,,, ,Social,Silwood Labs\& Projects+ Networking Plenary and Refreshments,2020-10-08,2020-10-01,17:30,1,,CPB,FALSE,3,2020-10-08,4
Silwood Campus Introduction,Ian,Walmsley,Ian Walmsley,Lecture,Provost's Welcome,2020-10-09,2020-10-02,10:00,1,,Fisher/Haldane,FALSE,4,2020-10-09,5
Silwood Campus Introduction,Janet,De Wilde,Janet De Wilde,Workshop,Professional Skill Development Programme,2020-10-09,2020-10-02,11:00,1,,Fisher/Haldane,FALSE,4,2020-10-09,5
Silwood Campus Introduction,Stefan,Hoyle,Stefan Hoyle,Lecture,Safety Induction,2020-10-09,2020-10-02,14:15,1,,Fisher/Haldane,FALSE,4,2020-10-09,5
Current topics in tropical ecology,Rob,Ewers,Rob Ewers,Discussion,Current topics in tropical ecology - 1,2020-10-22,2020-10-15,13:30,2,,,FALSE,17,2020-10-22,4
Current topics in tropical ecology,Rob,Ewers,Rob Ewers,Discussion,Current topics in tropical ecology - 2,2020-10-29,2020-10-22,13:30,2,,,FALSE,24,2020-10-29,4
Current topics in tropical ecology,Rob,Ewers,Rob Ewers,Discussion,Current topics in tropical ecology - 3,2020-11-05,2020-10-29,13:30,2,,,FALSE,31,2020-11-05,4
Current topics in tropical ecology,Rob,Ewers,Rob Ewers,Discussion,Current topics in tropical ecology - 4,2020-11-12,2020-11-05,13:30,2,,,FALSE,38,2020-11-12,4
Data Management,Rob,Ewers,Rob Ewers,Practical,Introduction to data management,2019-10-14,2019-10-07,10:00,1,,,TRUE,14,2020-10-19,1
Data Management,Rob,Ewers,Rob Ewers,Discussion,Data management formative feedback,2019-10-21,2019-10-14,10:00,1,,,TRUE,21,2020-10-26,1
Ecological Modelling,Vincent,Jansen,Vincent Jansen,Lecture,Lecture,2020-02-03,2020-01-27,10:00,1,,Wallace,TRUE,126,2021-02-08,1
Ecological Modelling,Vincent,Jansen,Vincent Jansen,Lecture,Lecture,2020-02-03,2020-01-27,11:30,1,,Wallace,TRUE,126,2021-02-08,1
Ecological Modelling,Vincent,Jansen,Vincent Jansen,Practical,Practical,2020-02-03,2020-01-27,14:00,3,,Wallace,TRUE,126,2021-02-08,1
Ecological Modelling,Vincent,Jansen,Vincent Jansen,Lecture,Lecture,2020-02-04,2020-01-28,10:00,1,,Wallace,TRUE,127,2021-02-09,2
Ecological Modelling,Vincent,Jansen,Vincent Jansen,Lecture,Lecture,2020-02-04,2020-01-28,11:30,1,,Wallace,TRUE,127,2021-02-09,2
Ecological Modelling,Vincent,Jansen,Vincent Jansen,Practical,Practical,2020-02-04,2020-01-28,14:00,3,,Wallace,TRUE,127,2021-02-09,2
Ecological Modelling,Vincent,Jansen,Vincent Jansen,Lecture,Lecture,2020-02-05,2020-01-29,10:00,1,,Wallace,TRUE,128,2021-02-10,3
Ecological Modelling,Vincent,Jansen,Vincent Jansen,Lecture,Lecture,2020-02-05,2020-01-29,11:30,1,,Wallace,TRUE,128,2021-02-10,3
Ecological Modelling,Vincent,Jansen,Vincent Jansen,Lecture,Lecture,2020-02-06,2020-01-30,10:00,1,,Wallace,TRUE,129,2021-02-11,4
Ecological Modelling,Vincent,Jansen,Vincent Jansen,Lecture,Lecture,2020-02-06,2020-01-30,11:30,1,,Wallace,TRUE,129,2021-02-11,4
Ecological Modelling,Vincent,Jansen,Vincent Jansen,Practical,Practical,2020-02-06,2020-01-30,14:00,3,,Wallace,TRUE,129,2021-02-11,4
Ecological Modelling,Vincent,Jansen,Vincent Jansen,Lecture,Lecture,2020-02-07,2020-01-31,10:00,1,,Wallace,TRUE,130,2021-02-12,5
Ecological Modelling,Vincent,Jansen,Vincent Jansen,Lecture,Lecture,2020-02-07,2020-01-31,11:30,1,,Wallace,TRUE,130,2021-02-12,5
Ecological Modelling,Vincent,Jansen,Vincent Jansen,Practical,Practical,2020-02-07,2020-01-31,14:00,3,,Wallace,TRUE,130,2021-02-12,5
Ecology and Global Change,Colin,Prentice,Colin Prentice,Lecture,"Climate change: past, present and future",2020-02-24,2020-02-17,10:00,1,,Haldane,TRUE,147,2021-03-01,1
Ecology and Global Change,Colin,Prentice,Colin Prentice,Lecture,"Climate, CO2 and plants",2020-02-24,2020-02-17,11:30,1,,Haldane,TRUE,147,2021-03-01,1
Ecology and Global Change,Colin,Prentice,Colin Prentice,Lecture,Impacts of future climate change on ecosystems and biodiversity,2020-02-24,2020-02-17,14:00,1,,Haldane,TRUE,147,2021-03-01,1
Ecology and Global Change,Guy,Woodward,Guy Woodward,Lecture,Gene-to-ecosystem Impacts of Global Agricultural and Land-Use Change,2020-02-25,2020-02-18,10:00,1,,Haldane,TRUE,148,2021-03-02,2
Ecology and Global Change,Guy,Woodward,Guy Woodward,Lecture,Global Warming in Aquatic Ecosystems,2020-02-25,2020-02-18,11:30,1,,Haldane,TRUE,148,2021-03-02,2
Ecology and Global Change,Guy,Woodward,Guy Woodward,Lecture,Impacts of Extreme Events on Ecosystems,2020-02-25,2020-02-18,14:00,1,,Haldane,TRUE,148,2021-03-02,2
Ecology and Global Change,Guy,Woodward,Guy Woodward,Lecture,Global Change in the World's Oceans,2020-02-25,2020-02-18,15:30,1,,Haldane,TRUE,148,2021-03-02,2
Ecology and Global Change,Guy,Woodward,Guy Woodward,Practicals,Field experiments and designing future global change research,2020-02-26,2020-02-19,10:00,7,,,TRUE,149,2021-03-03,3
Ecology and Global Change,Guy,Woodward,Guy Woodward,Lecture,Invasive Species,2020-02-27,2020-02-20,10:00,1,,Haldane,TRUE,150,2021-03-04,4
Ecology and Global Change,Guy,Woodward,Guy Woodward,Lecture,Multistressors and Ecological Surprises,2020-02-27,2020-02-20,11:00,1,,Haldane,TRUE,150,2021-03-04,4
Ecology and Global Change,Guy,Woodward,Guy Woodward,Practicals,Outline of practical exercises,2020-02-27,2020-02-20,15:30,1,,Haldane,TRUE,150,2021-03-04,4
Ecology and Global Change,Guy,Woodward,Guy Woodward,Lecture,Scaling-up - Planetary Boundaries ,2020-02-28,2020-02-21,10:00,1,,Haldane,TRUE,151,2021-03-05,5
Ecology and Global Change,Guy,Woodward,Guy Woodward,Lecture,Linking Policy to Theory - IPBES,2020-02-28,2020-02-21,11:00,1.5,,Haldane,TRUE,151,2021-03-05,5
Ecology and Global Change,Guy,Woodward,Guy Woodward,Presentation,Group Presentations,2020-02-28,2020-02-21,14:00,3,,Haldane,TRUE,151,2021-03-05,5
"Energy, water and plants",Wouter,Buytaert,Wouter Buytaert,Lecture,Climatology and meteorology,2019-11-18,2019-11-11,10:00,2,,Fisher,TRUE,49,2020-11-23,1
"Energy, water and plants",Wouter,Buytaert,Wouter Buytaert,Practical,Introduction to class exercise,2019-11-18,2019-11-11,14:00,3,,Fisher,TRUE,49,2020-11-23,1
"Energy, water and plants",Colin,Prentice,Colin Prentice,Lecture,Ecohydrology,2019-11-19,2019-11-12,10:00,2,,Fisher,TRUE,50,2020-11-24,2
"Energy, water and plants",Colin,Prentice,Colin Prentice,Practical,Class exercise,2019-11-19,2019-11-12,14:00,3,,Fisher,TRUE,50,2020-11-24,2
"Energy, water and plants",Wouter,Buytaert,Wouter Buytaert,Lecture,Hydrochemistry,2019-11-20,2019-11-13,10:00,2,,Fisher,TRUE,51,2020-11-25,3
"Energy, water and plants",Colin,Prentice,Colin Prentice,Lecture,Plant carbon and water exchanges,2019-11-21,2019-11-14,10:00,2,,Fisher,TRUE,52,2020-11-26,4
"Energy, water and plants",Colin,Prentice,Colin Prentice,Practical,Class exercise,2019-11-21,2019-11-14,14:00,3,,Fisher,TRUE,52,2020-11-26,4
"Energy, water and plants",Colin,Prentice,Colin Prentice,Lecture,Global vegetation patterns,2019-11-22,2019-11-15,10:00,2,,Fisher,TRUE,53,2020-11-27,5
"Energy, water and plants",Colin,Prentice,Colin Prentice,Practical,Student presentations,2019-11-22,2019-11-15,14:00,3,,Fisher,TRUE,53,2020-11-27,5
Environmental microbiology,Tom,Bell,Tom Bell,Lecture,Overview of past results from Silwood Park ,2020-11-23,2020-11-16,11:00,1,,Darwin,FALSE,49,2020-11-23,1
Environmental microbiology,Tom,Bell,Tom Bell,Field Lab,Terrestrial sampling ,2020-11-23,2020-11-16,14:00,3,,Silwood field and Hamilton Field Lab,FALSE,49,2020-11-23,1
Environmental microbiology,Tom,Bell,Tom Bell,Field Lab,Sterile technique and planting ,2020-11-24,2020-11-17,10:00,1.5,,Silwood field and Hamilton Field Lab,FALSE,50,2020-11-24,2
Environmental microbiology,Tom,Bell,Tom Bell,Field Lab,Aquatic field sampling ,2020-11-24,2020-11-17,14:00,3,,Silwood field and Hamilton Field Lab,FALSE,50,2020-11-24,2
Environmental microbiology,Tom,Bell,Tom Bell,Lecture,Introduction to bacterial surveys,2020-11-25,2020-11-18,10:00,1,,Darwin,FALSE,51,2020-11-25,3
Environmental microbiology,Tom,Bell,Tom Bell,Field Lab,DNA extraction from environmental samples,2020-11-25,2020-11-18,11:00,2,,Silwood field and Hamilton Field Lab,FALSE,51,2020-11-25,3
Environmental microbiology,Tom,Bell,Tom Bell,Field Lab,PCR of extracted DNA ,2020-11-26,2020-11-19,10:00,1.5,,Silwood field and Hamilton Field Lab,FALSE,52,2020-11-26,4
Environmental microbiology,Tom,Bell,Tom Bell,Lecture,Applied Ecology Presentations,2020-12-03,2020-11-26,13:00,1,,Darwin,FALSE,59,2020-12-03,4
Environmental microbiology,Tom,Bell,Tom Bell,Field Lab,"Gel electrophoresis, DNA purification and quantification ",2020-11-26,2020-11-19,15:00,3,,Silwood field and Hamilton Field Lab,FALSE,52,2020-11-26,4
Environmental microbiology,Tom,Bell,Tom Bell,Field Lab,Colony picking and growth curves ,2020-11-27,2020-11-20,10:00,2,,Silwood field and Hamilton Field Lab,FALSE,53,2020-11-27,5
Environmental microbiology,Tom,Bell,Tom Bell,Field Lab,Functional assays ,2020-11-27,2020-11-20,14:00,3,,Silwood field and Hamilton Field Lab,FALSE,53,2020-11-27,5
Environmental microbiology,Tom,Bell,Tom Bell,Field Lab,Colony picking and growth curves ,2020-11-30,2020-11-23,10:00,2,,Silwood field and Hamilton Field Lab,FALSE,56,2020-11-30,1
Environmental microbiology,Tom,Bell,Tom Bell,Field Lab,Antibiotic resistance in the environment (Lab,2020-11-30,2020-11-23,14:00,3,,Silwood field and Hamilton Field Lab,FALSE,56,2020-11-30,1
Environmental microbiology,Tom,Bell,Tom Bell,Lecture,Biodiversity and ecosystem functioning in microbial communities (Lecture),2020-12-01,2020-11-24,10:00,2,,Darwin,FALSE,57,2020-12-01,2
Environmental microbiology,Tom,Bell,Tom Bell,Computer Lab,Data analysis workflow (Computer Lab),2020-12-01,2020-11-24,14:00,2,,Seminar Room 2,FALSE,57,2020-12-01,2
Environmental microbiology,Tom,Bell,Tom Bell,Field Lab,Readings from functional/antibiotic assays,2020-12-02,2020-11-25,10:00,2,,Silwood field and Hamilton Field Lab,FALSE,58,2020-12-02,3
Environmental microbiology,Tom,Bell,Tom Bell,Computer Lab,Data analysis and presentation preparation (Computer Lab),2020-12-03,2020-11-26,10:00,7,,Seminar Room 2,FALSE,59,2020-12-03,4
Environmental microbiology,Tom,Bell,Tom Bell,Discussion,Presentation of results,2020-12-04,2020-11-27,10:00,2,,Darwin,FALSE,60,2020-12-04,5
Environmental microbiology,Tom,Bell,Tom Bell,Discussion,Presentation of results continued (if required),2020-12-04,2020-11-27,14:00,3,,Darwin,FALSE,60,2020-12-04,5
Evolutionary and community ecology,Joe,Tobias,Joe Tobias,Lecture,Speciation and diversification,2020-02-03,2020-01-27,10:00,2,Overview of course structure and basic concepts; mechanisms of speciation and reproductive isolation,Haldane,TRUE,126,2021-02-08,1
Evolutionary and community ecology,Joe,Tobias,Joe Tobias,Lecture,Spatial and temporal gradients in biodiversity,2020-02-03,2020-01-27,14:00,2,Understanding patterns of biodiversity over space and time; and the assembly of species into communities,Haldane,TRUE,126,2021-02-08,1
Evolutionary and community ecology,Joe,Tobias,Joe Tobias,Lecture,Species interactions,2020-02-04,2020-01-28,10:00,2,"Competitive interactions between species, focusing on evolutionary mechanisms of divergence and convergence, as well as competitive exclusion",Haldane,TRUE,127,2021-02-09,2
Evolutionary and community ecology,Joe,Tobias,Joe Tobias,Lecture,Gradients in ecology and evolution,2020-02-04,2020-01-28,14:00,2,"Understanding broad-scale spatial patterns in phenotypic evolution, life history, behaviour",Haldane,TRUE,127,2021-02-09,2
Evolutionary and community ecology,Joe,Tobias,Joe Tobias,Practical,Community assembly: pattern and process,2020-02-05,2020-01-29,10:00,2,Workshop: You will work in groups to generate and propose tests for hypotheses about the effect of interspecific competition on biodiversity in terms of species and their traits,Haldane,TRUE,128,2021-02-10,3
Evolutionary and community ecology,Joe,Tobias,Joe Tobias,Lecture,Biodiversity and ecosystem function,2020-02-06,2020-01-30,10:00,2,A review of Biodiversity-Ecosystem Function relationships and the importance of mutualistic and antagonistic interaction networks in regulating ecosystem function,Haldane,TRUE,129,2021-02-11,4
Evolutionary and community ecology,Joe,Tobias,Joe Tobias,Practical,Exam technique workshop,2020-02-06,2020-01-30,14:00,2,Workshop: you will answer an exam question and mark each other's work using the MSc marking criteria; followed by Q\&A session,Haldane,TRUE,129,2021-02-11,4
Evolutionary and community ecology,Joe,Tobias,Joe Tobias,Lecture,Threats to ecosystem processes and services,2020-02-07,2020-01-31,10:00,2,We will explore and discuss how current and future environmental changes are likely to effect biodiversity and associated ecosystem processes,Haldane,TRUE,130,2021-02-12,5
Evolutionary and community ecology,Joe,Tobias,Joe Tobias,Lecture,The preservation of process,2020-02-07,2020-01-31,14:00,2,"Drawing from previous components, we will examine how conservation strategies can be developed to preserve the long-term processes underpinning ecosystems and their vital functions",Haldane,TRUE,130,2021-02-12,5
Evolutionary Modelling,Tim,Barraclough,Tim Barraclough,Lecture,Lecture,2020-02-24,2020-02-17,10:00,1,,Wallace,TRUE,147,2021-03-01,1
Evolutionary Modelling,Tim,Barraclough,Tim Barraclough,Lecture,Lecture,2020-02-24,2020-02-17,11:30,1,,Wallace,TRUE,147,2021-03-01,1
Evolutionary Modelling,Tim,Barraclough,Tim Barraclough,Practical,Practical  ,2020-02-24,2020-02-17,14:00,3,,Wallace,TRUE,147,2021-03-01,1
Evolutionary Modelling,Tim,Barraclough,Tim Barraclough,Lecture,Lecture,2020-02-25,2020-02-18,10:00,1,,Wallace,TRUE,148,2021-03-02,2
Evolutionary Modelling,Tim,Barraclough,Tim Barraclough,Lecture,Lecture,2020-02-25,2020-02-18,11:30,1,,Wallace,TRUE,148,2021-03-02,2
Evolutionary Modelling,Tim,Barraclough,Tim Barraclough,Lecture,Lecture,2020-02-25,2020-02-18,14:00,3,,Wallace,TRUE,148,2021-03-02,2
Evolutionary Modelling,Tin-Yu,Hui,Tin-Yu Hui,Lecture,Lecture,2020-02-26,2020-02-19,10:00,1,,Wallace,TRUE,149,2021-03-03,3
Evolutionary Modelling,Tin-Yu,Hui,Tin-Yu Hui,Lecture,Lecture,2020-02-26,2020-02-19,11:30,1,,Wallace,TRUE,149,2021-03-03,3
Evolutionary Modelling,Tin-Yu,Hui,Tin-Yu Hui,Lecture,Lecture,2020-02-27,2020-02-20,10:00,1,,Wallace,TRUE,150,2021-03-04,4
Evolutionary Modelling,Tin-Yu,Hui,Tin-Yu Hui,Lecture,Lecture,2020-02-27,2020-02-20,11:30,1,,Wallace,TRUE,150,2021-03-04,4
Evolutionary Modelling,Tin-Yu,Hui,Tin-Yu Hui,Practical,Practical,2020-02-27,2020-02-20,14:00,3,,Wallace,TRUE,150,2021-03-04,4
Evolutionary Modelling,Tin-Yu,Hui,Tin-Yu Hui,Lecture,Lecture,2020-02-28,2020-02-21,10:00,1,,Wallace,TRUE,151,2021-03-05,5
Evolutionary Modelling,Tin-Yu,Hui,Tin-Yu Hui,Lecture,Lecture,2020-02-28,2020-02-21,11:30,1,,Wallace,TRUE,151,2021-03-05,5
Evolutionary Modelling,Tin-Yu,Hui,Tin-Yu Hui,Practical,Practical,2020-02-28,2020-02-21,14:00,3,,Wallace,TRUE,151,2021-03-05,5
Field course planning,Rob,Ewers,Rob Ewers,Practical,Logistics of working at SAFE,2020-01-06,2019-12-30,09:30,1,Resource availability; project design; site accessibility; etc,,TRUE,98,2021-01-11,1
Field course planning,Rob,Ewers,Rob Ewers,Practical,Project 1 - Reading recap,2020-01-06,2019-12-30,10:30,2,Concepts and methods (iRAT + tRAT),,TRUE,98,2021-01-11,1
Field course planning,Rob,Ewers,Rob Ewers,Practical,Project 1 - Develop project options,2020-01-06,2019-12-30,13:00,2,Generate hypothesis and plan methods to test it (tAPP),,TRUE,98,2021-01-11,1
Field course planning,Rob,Ewers,Rob Ewers,Practical,Project 1 - Finalise plan,2020-01-06,2019-12-30,15:00,1,Class consensus,,TRUE,98,2021-01-11,1
Field course planning,Rob,Ewers,Rob Ewers,Practical,Project 2 - Reading recap,2020-01-07,2019-12-31,09:30,2,Concepts and methods (iRAT + tRAT),Seminar Room 1,TRUE,99,2021-01-12,2
Field course planning,Rob,Ewers,Rob Ewers,Practical,Project 2 - Develop project options,2020-01-07,2019-12-31,13:00,2,Generate hypothesis and plan methods to test it (tAPP),Seminar Room 1,TRUE,99,2021-01-12,2
Field course planning,Rob,Ewers,Rob Ewers,Practical,Project 2 - Finalise plan,2020-01-07,2019-12-31,15:00,1,Class consensus,Seminar Room 1,TRUE,99,2021-01-12,2
Field course planning,Rob,Ewers,Rob Ewers,Practical,Project 3 - Reading recap,2020-01-08,2020-01-01,09:30,2,Concepts and methods (iRAT + tRAT),,TRUE,100,2021-01-13,3
Field course planning,Rob,Ewers,Rob Ewers,Practical,Project 3 - Develop project options,2020-01-08,2020-01-01,13:00,2,Generate hypothesis and plan methods to test it (tAPP),,TRUE,100,2021-01-13,3
Field course planning,Rob,Ewers,Rob Ewers,Practical,Project 3 - Finalise plan,2020-01-08,2020-01-01,15:00,1,Class consensus,,TRUE,100,2021-01-13,3
Field course planning,Rob,Ewers,Rob Ewers,Practical,Project integration options,2020-01-09,2020-01-02,09:30,2,Generate options for timetabling data collection (tAPP),,TRUE,101,2021-01-14,4
Field course planning,Rob,Ewers,Rob Ewers,Practical,Finalise project integration,2020-01-09,2020-01-02,13:00,3,Class consensus,,TRUE,101,2021-01-14,4
Field course planning,Rob,Ewers,Rob Ewers,Computer Practical,Data collection forms,2020-01-10,2020-01-03,09:30,2.5,Develop and trial Epicollect forms,Hamilton Computer Room,TRUE,102,2021-01-15,5
Field course planning,Rob,Ewers,Rob Ewers,Computer Practical,Project management structure,2020-01-10,2020-01-03,13:00,3,"Zoho forms: milestones, tasklists and tasks",Hamilton Computer Room,TRUE,102,2021-01-15,5
Field Ecology Skills,Catalina,Estrada,Catalina Estrada,Lecture,"Week introduction (EEC, EA, TFE, EEChange)",2020-10-12,2020-10-05,10:00,1,Week introduction,Fisher/Haldane/Field lab,FALSE,7,2020-10-12,1
Field Ecology Skills,Catalina,Estrada,Catalina Estrada,Lecture  & Field practical,"Field practicals intro (EA, TFE, EEChange, EEC MRes)",2020-10-12,2020-10-05,11:00,5,Lecture and field practical for woodland surveys,Fisher/Haldane/Field lab,FALSE,7,2020-10-12,1
Field Ecology Skills,Catalina,Estrada,Catalina Estrada,Lecture  & Field practical,Field practicals intro (EEC MSc),2020-10-12,2020-10-05,11:30,5,Lecture and field practical for woodland surveys,Fisher/Haldane/Field lab,FALSE,7,2020-10-12,1
Field Ecology Skills,Catalina,Estrada,Catalina Estrada,Lecture  ,"Data Management (EA, TFE, eeChange, EEC)",2020-10-13,2020-10-06,10:00,5,Introduction to field data management,Fisher/Haldane/Field lab,FALSE,8,2020-10-13,2
Field Ecology Skills,Emma,Ransome,Emma Ransome,Lecture  ,"The effect of warming in freshwater ecosystems (EEC, EA, TFE, eeChange)",2020-10-14,2020-10-07,10:00,1,Introduction to Silwood's mesocosms experiments,,FALSE,9,2020-10-14,3
Field Ecology Skills,Chris,Adams,Chris Adams,Lecture,"Use of drones in Ecological field biology (EEC, EA, TFE, eeChange)",2020-10-14,2020-10-07,11:00,0.5,This lecture will give you an overview of the possible applications of this technology in environmental monitoring and ecological research  ,Fisher/Haldane/Field lab,FALSE,9,2020-10-14,3
Field Ecology Skills,Jenna,Lawson,Jenna Lawson,Lecture,Bioacoustics and machine learning ,2020-10-14,2020-10-07,11:30,0.5,,Fisher/Haldane/Field lab,FALSE,9,2020-10-14,3
Field Ecology Skills,Catalina,Estrada,Catalina Estrada,Field practical,"Independen work (EA, TFE, eeChange, EEC)",2020-10-15,2020-10-08,10:00,5,Discussion about independent projects,Fisher/Haldane/Field lab,FALSE,10,2020-10-15,4
Field Ecology Skills,David,Orme,David Orme,Field practical,"Estimating above ground biomass (EEC MRes, EA, TFE, eeChange)",2020-10-16,2020-10-09,10:00,3,This project will introduce you to the basics of estimating forest carbon biomass. Embedded into this session is basic training in data management and storage.,Hamilton Computer Lab,FALSE,11,2020-10-16,5
Field Ecology Skills,Catalina,Estrada,Catalina Estrada,Field practical,Results and discussion (EEC MSc),2020-10-16,2020-10-09,10:00,3,Presentation from groups,Fisher/Haldane/Field lab,FALSE,11,2020-10-16,5
Field Ecology Skills,David,Orme,David Orme,Field practical,Estimating above ground biomass (EEC MSc),2020-10-16,2020-10-09,14:00,3,This project will introduce you to the basics of estimating forest carbon biomass. Embedded into this session is basic training in data management and storage.,Hamilton Computer Lab,FALSE,11,2020-10-16,5
Field Ecology Skills,Catalina,Estrada,Catalina Estrada,Field practical,"Results and discussion (EEC MRes, EA, TFE, eeChange)",2020-10-16,2020-10-09,14:00,3,Presentation from groups,Fisher/Haldane/Field lab,FALSE,11,2020-10-16,5
Generalised Linear Models,Julia,Schroeder,Julia Schroeder,Lectures + Exercises,Revisiting linear models,2020-01-13,2020-01-06,09:15,2.5,Revisiting linear models,Hamilton Computer Lab,TRUE,105,2021-01-18,1
Generalised Linear Models,Julia,Schroeder,Julia Schroeder,Lectures + Exercises,Interactions and squared terms,2020-01-13,2020-01-06,13:30,2,Interactions and squared terms,Hamilton Computer Lab,TRUE,105,2021-01-18,1
Generalised Linear Models,Josh,Hodge,Josh Hodge,Lectures + Exercises,Model selection,2020-01-14,2020-01-07,09:15,2.5,Model selection,Hamilton Computer Lab,TRUE,106,2021-01-19,2
Generalised Linear Models,Josh,Hodge,Josh Hodge,Lectures + Exercises,GLMs – Poisson models,2020-01-14,2020-01-07,13:30,2,GLMs – Poisson models,Hamilton Computer Lab,TRUE,106,2021-01-19,2
Generalised Linear Models,Josh,Hodge,Josh Hodge,Lectures + Exercises,GLMs – Logistic regression,2020-01-15,2020-01-08,09:15,2.5,GLMs – Logistic regression,Hamilton Computer Lab,TRUE,107,2021-01-20,3
Generalised Linear Models,Julia,Schroeder,Julia Schroeder,Lectures + Exercises,"Bi- and multivariate GL(M)Ms, variance-covariance analysis",2020-01-16,2020-01-09,09:15,2.5,"Bi- and multivariate GL(M)Ms, variance-covariance analysis",Hamilton Computer Lab,TRUE,108,2021-01-21,4
Generalised Linear Models,Julia,Schroeder,Julia Schroeder,Lectures + Exercises,Linear mixed models,2020-01-16,2020-01-09,13:30,2,Linear mixed models,Hamilton Computer Lab,TRUE,108,2021-01-21,4
Generalised Linear Models,Julia,Schroeder,Julia Schroeder,Lectures + Exercises,Practise analyses,2020-01-17,2020-01-10,13:30,2,Practise analyses,Hamilton Computer Lab,TRUE,109,2021-01-22,5
Genomics and Bioinformatics,Matteo,Fumagalli,Matteo Fumagalli,Lecture,Introduction to population genetics,2019-11-04,2019-10-28,10:00,2.5,Concepts of population genetics,Fisher/Haldane,TRUE,35,2020-11-09,1
Genomics and Bioinformatics,Matteo,Fumagalli,Matteo Fumagalli,Computer Practical,Population genetics,2019-11-04,2019-10-28,14:00,3,Population genetics using R,Hamilton Computer Lab,TRUE,35,2020-11-09,1
Genomics and Bioinformatics,Matteo,Fumagalli,Matteo Fumagalli,Lecture,Inference of demographic histories,2019-11-05,2019-10-29,10:00,1.5,Inference of population structure and admixture events using R,Fisher/Haldane,TRUE,36,2020-11-10,2
Genomics and Bioinformatics,Matteo,Fumagalli,Matteo Fumagalli,Computer Practical,Inference of demographic histories,2019-11-05,2019-10-29,14:00,3,Inference of population structure and admixture events,Hamilton Computer Lab,TRUE,36,2020-11-10,2
Genomics and Bioinformatics,Matteo,Fumagalli,Matteo Fumagalli,Lecture,Inference of natural selection,2019-11-06,2019-10-30,10:00,2.5,Inference of natural selection from genomic data,Fisher/Haldane,TRUE,37,2020-11-11,3
Genomics and Bioinformatics,Matteo,Fumagalli,Matteo Fumagalli,Lecture,NGS data,2019-11-07,2019-10-31,10:00,2.5,NGS data processing,Fisher/Haldane,TRUE,38,2020-11-12,4
Genomics and Bioinformatics,Matteo,Fumagalli,Matteo Fumagalli,Computer Practical,Analysis of NGS data,2019-11-07,2019-10-31,14:00,3,Analysis of NGS data for population genetics,Hamilton Computer Lab,TRUE,38,2020-11-12,4
Genomics and Bioinformatics,Matteo,Fumagalli,Matteo Fumagalli,Lecture,Metagenomics,2019-11-08,2019-11-01,10:00,2.5,Metagenomics,Fisher/Haldane,TRUE,39,2020-11-13,5
Genomics and Bioinformatics,Matteo,Fumagalli,Matteo Fumagalli,Computer Practical,Metagenomics,2019-11-08,2019-11-01,14:00,3,Metagenomics,Hamilton Computer Lab,TRUE,39,2020-11-13,5
Silwood Masters Workshops,Janet,De Wilde,Janet De Wilde,Workshop,Professional Skills Development Programme,2020-01-22,2020-01-15,13:00,4,A separate timetable will be provided,Fisher/Haldane/Wallace/CPB Seminar Room,TRUE,114,2021-01-27,3
High Performance Computing,James,Rosindell,James Rosindell,Lecture,Introduction and individual based models,2020-12-07,2020-11-30,10:00,1,,CPB,FALSE,63,2020-12-07,1
High Performance Computing,James,Rosindell,James Rosindell,Lecture,Introduction and individual based models,2020-12-07,2020-11-30,11:30,1,,CPB,FALSE,63,2020-12-07,1
High Performance Computing,James,Rosindell,James Rosindell,Practicals,IB models practical,2020-12-07,2020-11-30,14:00,3,,CPB,FALSE,63,2020-12-07,1
High Performance Computing,James,Rosindell,James Rosindell,Lecture,Using HPC,2020-12-08,2020-12-01,10:00,1,,CPB,FALSE,64,2020-12-08,2
High Performance Computing,James,Rosindell,James Rosindell,Practicals,Using HPC,2020-12-08,2020-12-01,11:30,1,,CPB,FALSE,64,2020-12-08,2
High Performance Computing,James,Rosindell,James Rosindell,Practicals,Using HPC,2020-12-08,2020-12-01,14:00,3,,CPB,FALSE,64,2020-12-08,2
High Performance Computing,James,Rosindell,James Rosindell,Lecture,Coalescence methods,2020-12-09,2020-12-02,10:00,1,,CPB,FALSE,65,2020-12-09,3
High Performance Computing,James,Rosindell,James Rosindell,Practicals,Coalescence methods,2020-12-09,2020-12-02,11:30,1,,CPB,FALSE,65,2020-12-09,3
High Performance Computing,James,Rosindell,James Rosindell,Lecture,Fractal geometry,2020-12-10,2020-12-03,10:00,1,,CPB,FALSE,66,2020-12-10,4
High Performance Computing,James,Rosindell,James Rosindell,Practicals,Fractal geometry,2020-12-10,2020-12-03,11:30,1,,CPB,FALSE,66,2020-12-10,4
High Performance Computing,James,Rosindell,James Rosindell,Practicals,Fractal geometry,2020-12-10,2020-12-03,14:00,3,,CPB,FALSE,66,2020-12-10,4
High Performance Computing,James,Rosindell,James Rosindell,Lecture,Fractals in nature,2020-12-11,2020-12-04,10:00,1,,CPB,FALSE,67,2020-12-11,5
High Performance Computing,James,Rosindell,James Rosindell,Practicals,Fractals in nature,2020-12-11,2020-12-04,11:30,1,,CPB,FALSE,67,2020-12-11,5
High Performance Computing,Samraat,Pawar,Samraat Pawar,Lecture+Practicals,HPC with Python,2020-12-11,2020-12-04,14:00,3,,CPB,FALSE,67,2020-12-11,5
Introduction to the MRes Ecosystem and Environmental Change,Guy,Woodward,Guy Woodward,Presentation,Introductio to Ecosystems and Environmental Change,2020-10-05,2020-09-28,10:00,1,Introduction to the eeChange Masters Course,Wallace,FALSE,0,2020-10-05,1
Introduction to the MRes Ecosystem and Environmental Change,Guy,Woodward,Guy Woodward,Tutorial,Introductory lecture 1,2020-10-06,2020-09-29,14:00,1,,Wallace,FALSE,1,2020-10-06,2
Introduction to the MRes Ecosystem and Environmental Change,Guy,Woodward,Guy Woodward,Tutorial,Introductory lecture 2,2020-10-06,2020-09-29,15:30,1,,Wallace,FALSE,1,2020-10-06,2
Introduction to MSc EEC,Tim,Barraclough,Tim Barraclough,Lecture,Introductio to Ecology,2020-10-06,2020-09-29,10:00,1,,Fisher/Haldane,FALSE,1,2020-10-06,2
Introduction to MSc EEC,Tim,Barraclough,Tim Barraclough,Lecture,Human Ecology,2020-10-06,2020-09-29,11:30,1,,Fisher/Haldane,FALSE,1,2020-10-06,2
Introduction to MSc EEC,Tim,Barraclough,Tim Barraclough,Lecture,Ecology and Evolutionary Papers,2020-10-06,2020-09-29,13:30,3,,Fisher/Haldane,FALSE,1,2020-10-06,2
Introduction to MSc EEC,Tim,Barraclough,Tim Barraclough,Lecture,Evolution in action,2020-10-07,2020-09-30,10:00,1,,Fisher/Haldane,FALSE,2,2020-10-07,3
Introduction to MSc EEC,Tim,Barraclough,Tim Barraclough,Lecture,Evolution in communities,2020-10-07,2020-09-30,11:30,1,,,FALSE,2,2020-10-07,3
Introduction to MRes EEC,Richard,Gill,Richard Gill,Presentation,Introduction to MRes EEC and EA,2020-10-05,2020-09-28,10:00,1,Introduction to the MRes EEC  and E AMasters Courses,Fisher/Haldane,FALSE,0,2020-10-05,1
Introduction to MSc EEC,Matteo,Fumagalli,Matteo Fumagalli,Presentation,Introduction to MSc EEC,2020-10-05,2020-09-28,10:00,1,Introduction to MSc EEC,Computer Room,FALSE,0,2020-10-05,1
Introduction to the MRes Tropical Forest Ecology,Rob,Ewers,Rob Ewers,Presentation,Introduction to Tropical Forest Ecology,2020-10-05,2020-09-28,10:00,1,Introductio to the TFE Masters Course,Darwin,FALSE,0,2020-10-05,1
Introduction to the MRes Tropical Forest Ecology,Rob,Ewers,Rob Ewers,Practical,Why tropical forests are important (TFE),2020-10-06,2020-09-29,11:30,5,,Hamilton Computer Lab,FALSE,1,2020-10-06,2
Introduction to the MRes Tropical Forest Ecology,Rob,Ewers,Rob Ewers,Lecture,The SAFE Project (TFE),2020-10-07,2020-09-30,10:00,1,,Darwin,FALSE,2,2020-10-07,3
Introduction to the MRes Tropical Forest Ecology,Rob,Ewers,Rob Ewers,Discussion,Project ideas with past and present students (TFE)_,2020-10-07,2020-09-30,11:00,2,,Darwin,FALSE,2,2020-10-07,3
Lundy Island Field Trip,Julia,Schroeder,Julia Schroeder,Practical,Character building,2019-11-25,2019-11-18,04:00,,Travel,,TRUE,56,2020-11-30,1
Lundy Island Field Trip,Julia,Schroeder,Julia Schroeder,Practical,Seeking adventure,2019-11-25,2019-11-18,11:00,,Helicopter,,TRUE,56,2020-11-30,1
Lundy Island Field Trip,Julia,Schroeder,Julia Schroeder,Lectures + Fieldwork,Introductory talk and guided walk,2019-11-25,2019-11-18,14:00,10,,Tavern,TRUE,56,2020-11-30,1
Lundy Island Field Trip,Julia,Schroeder,Julia Schroeder,Fieldwork,Applied conservation work group C,2019-11-26,2019-11-19,07:00,2,,Lundy,TRUE,57,2020-12-01,2
Lundy Island Field Trip,Julia,Schroeder,Julia Schroeder,Fieldwork,Data collection group A,2019-11-26,2019-11-19,07:00,2,,Lundy,TRUE,57,2020-12-01,2
Lundy Island Field Trip,Julia,Schroeder,Julia Schroeder,Fieldwork,Ornithological methods group B,2019-11-26,2019-11-19,07:00,2,,Lundy,TRUE,57,2020-12-01,2
Lundy Island Field Trip,Julia,Schroeder,Julia Schroeder,Lecture,Applied conservation  ,2019-11-26,2019-11-19,14:00,2,,Lundy,TRUE,57,2020-12-01,2
Lundy Island Field Trip,Julia,Schroeder,Julia Schroeder,Fieldwork,Applied conservation work group B,2019-11-27,2019-11-20,07:00,2,,Lundy,TRUE,58,2020-12-02,3
Lundy Island Field Trip,Julia,Schroeder,Julia Schroeder,Fieldwork,Data collection group C,2019-11-27,2019-11-20,07:00,2,,Lundy,TRUE,58,2020-12-02,3
Lundy Island Field Trip,Julia,Schroeder,Julia Schroeder,Fieldwork,Ornithological methods group A,2019-11-27,2019-11-20,07:00,2,,Lundy,TRUE,58,2020-12-02,3
Lundy Island Field Trip,Julia,Schroeder,Julia Schroeder,Lecture,Life history theory,2019-11-27,2019-11-20,10:00,2,,Lundy,TRUE,58,2020-12-02,3
Lundy Island Field Trip,Julia,Schroeder,Julia Schroeder,Lecture,Lundy sparrow talk,2019-11-27,2019-11-20,14:30,2.5,,Lundy,TRUE,58,2020-12-02,3
Lundy Island Field Trip,Julia,Schroeder,Julia Schroeder,Fieldwork,Wrapping up data collection,2019-11-28,2019-11-21,07:00,2,,Lundy,TRUE,59,2020-12-03,4
Lundy Island Field Trip,Julia,Schroeder,Julia Schroeder,Practical,Data collation and analysis,2019-11-28,2019-11-21,10:00,3,,Lundy,TRUE,59,2020-12-03,4
Lundy Island Field Trip,Julia,Schroeder,Julia Schroeder,Practical,Preparing presentations,2019-11-28,2019-11-21,14:00,2,,Lundy,TRUE,59,2020-12-03,4
Lundy Island Field Trip,Julia,Schroeder,Julia Schroeder,Lecture,Island population talk,2019-11-28,2019-11-21,16:00,1.5,,Lundy,TRUE,59,2020-12-03,4
Lundy Island Field Trip,Julia,Schroeder,Julia Schroeder,Practical,Presentations,2019-11-28,2019-11-21,19:00,2,,Tavern,TRUE,59,2020-12-03,4
Lundy Island Field Trip,Julia,Schroeder,Julia Schroeder,Fieldwork,Wrapping up data collection,2019-11-29,2019-11-22,07:00,10,,Lundy,TRUE,60,2020-12-04,5
Lundy Island Field Trip,Julia,Schroeder,Julia Schroeder,Practical,Back to civilisation,2019-11-29,2019-11-22,11:00,,helicoptor back and travel,,TRUE,60,2020-12-04,5
Maths for Biology,Alberto,Pascual-Garcia,Alberto Pascual-Garcia,Lecture,Lecture,2020-01-20,2020-01-13,10:00,1,,Wallace,TRUE,112,2021-01-25,1
Maths for Biology,Alberto,Pascual-Garcia,Alberto Pascual-Garcia,Lecture,Lecture,2020-01-20,2020-01-13,11:30,1,,Wallace,TRUE,112,2021-01-25,1
Maths for Biology,Alberto,Pascual-Garcia,Alberto Pascual-Garcia,Practical,Practical,2020-01-20,2020-01-13,14:00,3,,Wallace,TRUE,112,2021-01-25,1
Maths for Biology,Alberto,Pascual-Garcia,Alberto Pascual-Garcia,Lecture,Lecture,2020-01-21,2020-01-14,10:00,1,,Wallace,TRUE,113,2021-01-26,2
Maths for Biology,Alberto,Pascual-Garcia,Alberto Pascual-Garcia,Lecture,Lecture,2020-01-21,2020-01-14,11:30,1,,Wallace,TRUE,113,2021-01-26,2
Maths for Biology,Alberto,Pascual-Garcia,Alberto Pascual-Garcia,Practical,Practical,2020-01-21,2020-01-14,14:00,3,,Wallace,TRUE,113,2021-01-26,2
Maths for Biology,Alberto,Pascual-Garcia,Alberto Pascual-Garcia,Lecture,Lecture,2020-01-22,2020-01-15,10:00,1,,Wallace,TRUE,114,2021-01-27,3
Maths for Biology,Alberto,Pascual-Garcia,Alberto Pascual-Garcia,Lecture,Lecture,2020-01-22,2020-01-15,11:30,1,,Wallace,TRUE,114,2021-01-27,3
Maths for Biology,Alberto,Pascual-Garcia,Alberto Pascual-Garcia,Lecture,Lecture,2020-01-23,2020-01-16,11:30,1,,Wallace,TRUE,115,2021-01-28,4
Maths for Biology,Samraat,Pawar,Samraat Pawar,Practical,Practical,2020-01-23,2020-01-16,14:00,1,,Wallace,TRUE,115,2021-01-28,4
Maths for Biology,Alberto,Pascual-Garcia,Alberto Pascual-Garcia,Practical,Practical,2020-01-23,2020-01-16,14:00,3,,Wallace,TRUE,115,2021-01-28,4
Maths for Biology,Alberto,Pascual-Garcia,Alberto Pascual-Garcia,Lecture,Lecture,2020-01-24,2020-01-17,10:00,1,,Wallace,TRUE,116,2021-01-29,5
Maths for Biology,Alberto,Pascual-Garcia,Alberto Pascual-Garcia,Lecture,Lecture,2020-01-24,2020-01-17,11:30,1,,Wallace,TRUE,116,2021-01-29,5
Maths for Biology,Alberto,Pascual-Garcia,Alberto Pascual-Garcia,Practical,Practical,2020-01-24,2020-01-17,14:00,3,,Wallace,TRUE,116,2021-01-29,5
Maths for Biology,Alberto,Pascual-Garcia,Alberto Pascual-Garcia,Lecture,Lecture,2020-01-27,2020-01-20,10:00,1,,Wallace,TRUE,119,2021-02-01,1
Maths for Biology,Alberto,Pascual-Garcia,Alberto Pascual-Garcia,Lecture,Lecture,2020-01-27,2020-01-20,11:30,1,,Wallace,TRUE,119,2021-02-01,1
Maths for Biology,Alberto,Pascual-Garcia,Alberto Pascual-Garcia,Practical,Practical,2020-01-27,2020-01-20,14:00,3,,Wallace,TRUE,119,2021-02-01,1
Maths for Biology,Alberto,Pascual-Garcia,Alberto Pascual-Garcia,Lecture,Lecture,2020-01-28,2020-01-21,10:00,1,,Wallace,TRUE,120,2021-02-02,2
Maths for Biology,Alberto,Pascual-Garcia,Alberto Pascual-Garcia,Lecture,Lecture,2020-01-28,2020-01-21,11:30,1,,Wallace,TRUE,120,2021-02-02,2
Maths for Biology,Alberto,Pascual-Garcia,Alberto Pascual-Garcia,Practical,Practical,2020-01-28,2020-01-21,14:00,3,,Wallace,TRUE,120,2021-02-02,2
Maths for Biology,Alberto,Pascual-Garcia,Alberto Pascual-Garcia,Lecture,Lecture,2020-01-29,2020-01-22,10:00,1,,Wallace,TRUE,121,2021-02-03,3
Maths for Biology,Alberto,Pascual-Garcia,Alberto Pascual-Garcia,Lecture,Lecture,2020-01-29,2020-01-22,11:30,1,,Wallace,TRUE,121,2021-02-03,3
Maths for Biology,Alberto,Pascual-Garcia,Alberto Pascual-Garcia,Lecture,Lecture,2020-01-30,2020-01-23,10:00,1,,Wallace,TRUE,122,2021-02-04,4
Maths for Biology,Alberto,Pascual-Garcia,Alberto Pascual-Garcia,Lecture,Lecture,2020-01-30,2020-01-23,11:30,1,,Wallace,TRUE,122,2021-02-04,4
Maths for Biology,Alberto,Pascual-Garcia,Alberto Pascual-Garcia,Practical,Practical,2020-01-30,2020-01-23,14:00,3,,Wallace,TRUE,122,2021-02-04,4
Maths for Biology,Alberto,Pascual-Garcia,Alberto Pascual-Garcia,Lecture,Lecture,2020-01-31,2020-01-24,10:00,1,,Wallace,TRUE,123,2021-02-05,5
Maths for Biology,Alberto,Pascual-Garcia,Alberto Pascual-Garcia,Lecture,Lecture,2020-01-31,2020-01-24,11:30,1,,Wallace,TRUE,123,2021-02-05,5
Maths for Biology,Alberto,Pascual-Garcia,Alberto Pascual-Garcia,Practical,Practical,2020-01-31,2020-01-24,14:00,3,,Wallace,TRUE,123,2021-02-05,5
Maximum Likelihood Methods,Tin-Yu,Hui,Tin-Yu Hui,Lecture,Background probability theory,2020-02-10,2020-02-03,10:00,1,Common discrete/continuous random variables. Probability mass/density functions. Expectation of random variables. Central limit theorem.,Wallace,TRUE,133,2021-02-15,1
Maximum Likelihood Methods,Tin-Yu,Hui,Tin-Yu Hui,Lecture,Background probability theory (Contd.),2020-02-10,2020-02-03,11:30,1,,Wallace,TRUE,133,2021-02-15,1
Maximum Likelihood Methods,Tin-Yu,Hui,Tin-Yu Hui,Lecture+Practicals,Background probability theory (Contd.),2020-02-10,2020-02-03,14:00,3,,Wallace,TRUE,133,2021-02-15,1
Maximum Likelihood Methods,Tin-Yu,Hui,Tin-Yu Hui,Lecture,Probability and Likelihoods,2020-02-11,2020-02-04,10:00,1,Multivariate random variables. Definition of a likelihood function. Maximisation in R.,Wallace,TRUE,134,2021-02-16,2
Maximum Likelihood Methods,Tin-Yu,Hui,Tin-Yu Hui,Lecture,Probability and Likelihoods (Contd.),2020-02-11,2020-02-04,11:30,1,,Wallace,TRUE,134,2021-02-16,2
Maximum Likelihood Methods,Tin-Yu,Hui,Tin-Yu Hui,Lecture+Practicals,Probability and Likelihoods (Contd.),2020-02-11,2020-02-04,14:00,3,,Wallace,TRUE,134,2021-02-16,2
Maximum Likelihood Methods,Tin-Yu,Hui,Tin-Yu Hui,Lecture,Properties of maximum likelihood estimators,2020-02-12,2020-02-05,10:00,1,,Wallace,TRUE,135,2021-02-17,3
Maximum Likelihood Methods,Tin-Yu,Hui,Tin-Yu Hui,Lecture,Properties of maximum likelihood estimators (Contd.),2020-02-12,2020-02-05,11:30,1,,Wallace,TRUE,135,2021-02-17,3
Maximum Likelihood Methods,Tin-Yu,Hui,Tin-Yu Hui,Lecture,Likelihood-ratio test,2020-02-13,2020-02-06,10:00,1,,Wallace,TRUE,136,2021-02-18,4
Maximum Likelihood Methods,Tin-Yu,Hui,Tin-Yu Hui,Lecture,Confidence interval estimation,2020-02-13,2020-02-06,11:30,1,,Wallace,TRUE,136,2021-02-18,4
Maximum Likelihood Methods,Tin-Yu,Hui,Tin-Yu Hui,Lecture+Practicals,"Likelihood-ratio test and Confidence interval
estimation",2020-02-13,2020-02-06,14:00,3,,Wallace,TRUE,136,2021-02-18,4
Maximum Likelihood Methods,Tin-Yu,Hui,Tin-Yu Hui,Practicals,MLE examples,2020-02-14,2020-02-07,10:00,1,,Wallace,TRUE,137,2021-02-19,5
Maximum Likelihood Methods,Tin-Yu,Hui,Tin-Yu Hui,Practicals,MLE examples,2020-02-14,2020-02-07,11:30,1,,Wallace,TRUE,137,2021-02-19,5
Maximum Likelihood Methods,Tin-Yu,Hui,Tin-Yu Hui,Practicals,MLE examples,2020-02-14,2020-02-07,14:00,3,,Wallace,TRUE,137,2021-02-19,5
EEC Miniprojects,Julia,Schroeder,Julia Schroeder,Project,Individual work on projects,2020-02-10,2020-02-03,,6,Work time,,TRUE,133,2021-02-15,1
EEC Miniprojects,Julia,Schroeder,Julia Schroeder,Project,Individual work on projects,2020-02-11,2020-02-04,,6,Work time,,TRUE,134,2021-02-16,2
EEC Miniprojects,Julia,Schroeder,Julia Schroeder,Project,Individual work on projects,2020-02-12,2020-02-05,,6,Work time,,TRUE,135,2021-02-17,3
EEC Miniprojects,Julia,Schroeder,Julia Schroeder,Project,Individual work on projects,2020-02-13,2020-02-06,,6,Work time,,TRUE,136,2021-02-18,4
EEC Miniprojects,Julia,Schroeder,Julia Schroeder,Project,Individual work on projects,2020-02-14,2020-02-07,,6,Work time,,TRUE,137,2021-02-19,5
EEC Miniprojects,Julia,Schroeder,Julia Schroeder,Project,Individual work on projects,2020-02-17,2020-02-10,,6,Work time,,TRUE,140,2021-02-22,1
EEC Miniprojects,Julia,Schroeder,Julia Schroeder,Project,Individual work on projects,2020-02-18,2020-02-11,,6,Work time,,TRUE,141,2021-02-23,2
EEC Miniprojects,Julia,Schroeder,Julia Schroeder,Project,Individual work on projects,2020-02-19,2020-02-12,,6,Work time,,TRUE,142,2021-02-24,3
EEC Miniprojects,Julia,Schroeder,Julia Schroeder,Project,Individual work on projects,2020-02-20,2020-02-13,,6,Work time,,TRUE,143,2021-02-25,4
EEC Miniprojects,Julia,Schroeder,Julia Schroeder,Project,Miniproject symposium,2020-02-21,2020-02-14,09:00,6,Work time,Fisher,TRUE,144,2021-02-26,5
Phylogenetic reconstruction,Ian,Kitching,Ian Kitching,Lecture,General Introduction,2019-11-18,2019-11-11,10:00,0.75,,,TRUE,49,2020-11-23,1
Phylogenetic reconstruction,Mark,Carine,Mark Carine,Lecture,Introduction to cladistic terms and concepts,2019-11-18,2019-11-11,11:00,1,,NHM,TRUE,49,2020-11-23,1
Phylogenetic reconstruction,Mark,Carine,Mark Carine,Lecture,"Characters, character states and homology",2019-11-18,2019-11-11,13:00,1,,NHM,TRUE,49,2020-11-23,1
Phylogenetic reconstruction,Mark,Carine,Mark Carine,Lecture,Characters and coding,2019-11-18,2019-11-11,14:15,1.3,,NHM,TRUE,49,2020-11-23,1
Phylogenetic reconstruction,Mark,Carine,Mark Carine,Practical,Introduction,2019-11-19,2019-11-12,10:00,0.5,,NHM,TRUE,50,2020-11-24,2
Phylogenetic reconstruction,Ian,Kitching,Ian Kitching,Lecture,Cladogram construction and rooting Group1,2019-11-19,2019-11-12,10:30,1,,NHM,TRUE,50,2020-11-24,2
Phylogenetic reconstruction,Mark,Carine,Mark Carine,Practical,From observations to analysis Group2,2019-11-19,2019-11-12,10:30,2.5,,NHM,TRUE,50,2020-11-24,2
Phylogenetic reconstruction,Ian,Kitching,Ian Kitching,Lecture,Missing values and optimisation Group1,2019-11-19,2019-11-12,11:45,1,,NHM,TRUE,50,2020-11-24,2
Phylogenetic reconstruction,Ian,Kitching,Ian Kitching,Lecture,Cladogram construction and rooting Group1,2019-11-19,2019-11-12,14:00,1,,NHM,TRUE,50,2020-11-24,2
Phylogenetic reconstruction,Mark,Carine,Mark Carine,Practical,From observations to analysis Group1,2019-11-19,2019-11-12,14:00,2.5,,NHM,TRUE,50,2020-11-24,2
Phylogenetic reconstruction,Ian,Kitching,Ian Kitching,Lecture,Missing values and optimisation Group1,2019-11-19,2019-11-12,15:15,1,,NHM,TRUE,50,2020-11-24,2
Phylogenetic reconstruction,Ian,Kitching,Ian Kitching,Practical,PAUP Group 2,2019-11-22,2019-11-15,10:00,2.5,,NHM,TRUE,53,2020-11-27,5
Phylogenetic reconstruction,David,Williams,David Williams,Lecture,Alternative Optimality criteria Group 1,2019-11-22,2019-11-15,11:00,1.5,,NHM,TRUE,53,2020-11-27,5
Phylogenetic reconstruction,David,Williams,David Williams,Lecture,Alternative Optimality criteria Group 1,2019-11-22,2019-11-15,14:30,1.5,,NHM,TRUE,53,2020-11-27,5
Phylogenetic reconstruction,Ian,Kitching,Ian Kitching,Practical,PAUP Group 1,2019-11-22,2019-11-15,14:30,2.5,,NHM,TRUE,53,2020-11-27,5
Phylogenetic reconstruction,Mark,Carine,Mark Carine,Practical,PAUP Group 1,2019-11-22,2019-11-15,14:30,2.5,,NHM,TRUE,53,2020-11-27,5
Phylogenetic reconstruction,Mark,Carine,Mark Carine,Practical,PAUP Group 2,2019-11-22,2019-11-15,14:30,2.5,,NHM,TRUE,53,2020-11-27,5
Phylogenetic reconstruction,Ian,Kitching,Ian Kitching,Lecture,"CI, RI and character weighting",2019-11-21,2019-11-14,10:00,1,,NHM,TRUE,52,2020-11-26,4
Phylogenetic reconstruction,David,Williams,David Williams,Lecture,Consensus methids and total evidence,2019-11-21,2019-11-14,11:15,1,,NHM,TRUE,52,2020-11-26,4
Phylogenetic reconstruction,Ian,Kitching,Ian Kitching,Lecture,Tree support statistics,2019-11-21,2019-11-14,13:15,1,,NHM,TRUE,52,2020-11-26,4
Planning research projects,,, ,Practical,TFE - OH visit to SK,2019-01-11,2019-01-04,07:30,8,"Bus will leave from Silwood at 07:30, and depart from SK at 14:00",,TRUE,-262,2020-01-17,5
Planning research projects,Rob,Ewers,Rob Ewers,Lecture,Writing research proposals,2019-11-12,2019-11-05,10:00,2,,,TRUE,43,2020-11-17,2
Planning research projects,Rob,Ewers,Rob Ewers,Computer Practical,Writing research proposals,2019-11-12,2019-11-05,13:00,3,,Hamilton Computer Lab,TRUE,43,2020-11-17,2
Planning research projects,Jones,Helen,Jones Helen,Lecture,Animal ethics,2019-11-13,2019-11-06,10:00,2,,,TRUE,44,2020-11-18,3
Planning research projects,Jones,Helen,Jones Helen,Computer Practical,Ethics and export permits,2019-11-13,2019-11-06,11:00,3,,Hamilton Computer Lab,TRUE,44,2020-11-18,3
Planning research projects,Stefan,Hoyle,Stefan Hoyle,Lecture,Risk Assessments,2019-11-14,2019-11-07,10:00,2,,,TRUE,45,2020-11-19,4
Planning research projects,Stefan,Hoyle,Stefan Hoyle,Computer Practical,Risk Assessments,2019-11-14,2019-11-07,13:00,3,,Hamilton Computer Lab,TRUE,45,2020-11-19,4
Planning research projects,Rob,Ewers,Rob Ewers,Computer Practical,Budgeting research projects,2019-11-15,2019-11-08,10:00,2,,Hamilton Computer Lab,TRUE,46,2020-11-20,5
Planning research projects,Rob,Ewers,Rob Ewers,Computer Practical,Budgeting research projects,2019-11-15,2019-11-08,10:00,3,,Hamilton Computer Lab,TRUE,46,2020-11-20,5
Planning research projects,,, ,Practical,TFE - OH visit to SK,2019-02-12,2019-02-05,07:30,8,"Bus will leave from Silwood at 07:30, and depart from SK at 14:00",,TRUE,-230,2020-02-18,2
Population Ecology and Quantitative Genetics,Julia,Schroeder,Julia Schroeder,Lecture,Demography,2020-01-27,2020-01-20,10:00,2,,Haldane,TRUE,119,2021-02-01,1
Population Ecology and Quantitative Genetics,Julia,Schroeder,Julia Schroeder,Practical,Demography,2020-01-27,2020-01-20,13:30,2,,Hamilton Computer Lab,TRUE,119,2021-02-01,1
Population Ecology and Quantitative Genetics,Julia,Schroeder,Julia Schroeder,Lectures,Life history theory and fitness,2020-01-28,2020-01-21,09:30,1.5,,Haldane,TRUE,120,2021-02-02,2
Population Ecology and Quantitative Genetics,Julia,Schroeder,Julia Schroeder,Practical,Repeatability,2020-01-28,2020-01-21,13:30,1.5,,Hamilton Computer Lab,TRUE,120,2021-02-02,2
Population Ecology and Quantitative Genetics,Julia,Schroeder,Julia Schroeder,Lecture,Introduction to Miniprojects,2020-01-29,2020-01-22,09:30,1,,Haldane,TRUE,121,2021-02-03,3
Population Ecology and Quantitative Genetics,Julia,Schroeder,Julia Schroeder,Lecture,Quantitative genetics ,2020-01-30,2020-01-23,10:00,2,,Haldane,TRUE,122,2021-02-04,4
Population Ecology and Quantitative Genetics,Julia,Schroeder,Julia Schroeder,Practical,Animal models,2020-01-30,2020-01-23,14:00,2,,Hamilton Computer Lab,TRUE,122,2021-02-04,4
Population Ecology and Quantitative Genetics,Julia,Schroeder,Julia Schroeder,Lecture,Quantitative genetics  ,2020-01-31,2020-01-24,10:00,1.5,,Haldane,TRUE,123,2021-02-05,5
Population Ecology and Quantitative Genetics,Julia,Schroeder,Julia Schroeder,Practical,Selection gradients,2020-01-31,2020-01-24,13:30,2,,Hamilton Computer Lab,TRUE,123,2021-02-05,5
Project planning,Rob,Ewers,Rob Ewers,Computer Practical,Data collection forms,2020-01-27,2020-01-20,09:30,3,Develop and trial Epicollect forms,Seminar Room 2,TRUE,119,2021-02-01,1
Project planning,Rob,Ewers,Rob Ewers,Computer Practical,Project management structure,2020-01-27,2020-01-20,13:30,3,"Zoho forms: milestones, tasklists and tasks",Seminar Room 2,TRUE,119,2021-02-01,1
Project planning,Rob,Ewers,Rob Ewers,Computer Practical,Drop-in session,2020-01-31,2020-01-24,13:00,3,,Seminar Room 2,TRUE,123,2021-02-05,5
Q/CMEE Bootcamp: Biological Computing in R,Samraat,Pawar,Samraat Pawar,Lecture,Intro to R,2019-10-14,2019-10-07,10:00,1,"Intro to R and the week's module, R; vs. other languages",CPB,TRUE,14,2020-10-19,1
Q/CMEE Bootcamp: Biological Computing in R,Samraat,Pawar,Samraat Pawar,Lectures + Exercises,The R Environment,2019-10-14,2019-10-07,11:30,1,"The R environment, basic R syntax and conventions",CPB,TRUE,14,2020-10-19,1
Q/CMEE Bootcamp: Biological Computing in R,Samraat,Pawar,Samraat Pawar,Lectures + Exercises,Useful R commands and functions,2019-10-14,2019-10-07,14:00,3,Basic R commands,CPB,TRUE,14,2020-10-19,1
Q/CMEE Bootcamp: Biological Computing in R,Samraat,Pawar,Samraat Pawar,Lectures + Exercises,Useful R commands and functions,2019-10-15,2019-10-08,10:00,1,"Writing functions, programs, debugging in R ",CPB,TRUE,15,2020-10-20,2
Q/CMEE Bootcamp: Biological Computing in R,Samraat,Pawar,Samraat Pawar,Lectures + Exercises,Programming in R,2019-10-15,2019-10-08,11:30,1,"Writing functions, programs, debugging in R ",CPB,TRUE,15,2020-10-20,2
Q/CMEE Bootcamp: Biological Computing in R,Samraat,Pawar,Samraat Pawar,Lectures + Exercises,Programming in R,2019-10-15,2019-10-08,14:00,3,"Writing functions, programs, debugging in R ",CPB,TRUE,15,2020-10-20,2
Q/CMEE Bootcamp: Biological Computing in R,Samraat,Pawar,Samraat Pawar,Lectures + Exercises,Catchup Sessions,2019-10-16,2019-10-09,10:00,2,Opportunity to catch up - demonstrators will be present,CPB,TRUE,16,2020-10-21,3
Q/CMEE Bootcamp: Biological Computing in R,Samraat,Pawar,Samraat Pawar,Lectures + Exercises,Numerical R,2019-10-17,2019-10-10,10:00,1,Handling Data and Numerical analyses in R ,CPB,TRUE,17,2020-10-22,4
Q/CMEE Bootcamp: Biological Computing in R,Samraat,Pawar,Samraat Pawar,Lectures + Exercises,Numerical R,2019-10-17,2019-10-10,11:30,1,Handling Data and Numerical analyses in R ,CPB,TRUE,17,2020-10-22,4
Q/CMEE Bootcamp: Biological Computing in R,Samraat,Pawar,Samraat Pawar,Lectures + Exercises,Efficient R,2019-10-17,2019-10-10,14:00,3,Writing computationally efficient programs in R,CPB,TRUE,17,2020-10-22,4
Q/CMEE Bootcamp: Biological Computing in R,Samraat,Pawar,Samraat Pawar,Lectures + Exercises,Graphics and Visualization in R,2019-10-18,2019-10-11,10:00,1,Graphics in R ,CPB,TRUE,18,2020-10-23,5
Q/CMEE Bootcamp: Biological Computing in R,Samraat,Pawar,Samraat Pawar,Lectures + Exercises,Graphics and Visualization in R,2019-10-18,2019-10-11,11:30,1,Graphics in R ,CPB,TRUE,18,2020-10-23,5
Q/CMEE Bootcamp: Biological Computing in R,Samraat,Pawar,Samraat Pawar,Lectures + Exercises,Advanced Graphics and Visualization in R,2019-10-18,2019-10-11,14:00,3,Advanced Graphics in R ,CPB,TRUE,18,2020-10-23,5
Q/CMEE Bootcamp: Intro to Biological Computing in Python,Samraat,Pawar,Samraat Pawar,Lecture,Unix + Shell Scripting + Git + \LaTeX~Q\&A,2020-10-12,2020-10-05,09:30,0.5,,CPB,FALSE,7,2020-10-12,1
Q/CMEE Bootcamp: Intro to Biological Computing in Python,Samraat,Pawar,Samraat Pawar,Lectures+Exercises,Introduction to Computing,2020-10-12,2020-10-05,10:00,1,,CPB,FALSE,7,2020-10-12,1
Q/CMEE Bootcamp: Intro to Biological Computing in Python,Samraat,Pawar,Samraat Pawar,Lectures+Exercises,"OK, but why Python?",2020-10-12,2020-10-05,11:30,1,,CPB,FALSE,7,2020-10-12,1
Q/CMEE Bootcamp: Intro to Biological Computing in Python,Samraat,Pawar,Samraat Pawar,Lecture+Short Practicals,Programming in Python - basics,2020-10-12,2020-10-05,14:00,3,,CPB,FALSE,7,2020-10-12,1
Q/CMEE Bootcamp: Intro to Biological Computing in Python,Samraat,Pawar,Samraat Pawar,Lectures+Exercises,Python basics continued,2020-10-13,2020-10-06,10:00,1,,CPB,FALSE,8,2020-10-13,2
Q/CMEE Bootcamp: Intro to Biological Computing in Python,Samraat,Pawar,Samraat Pawar,Lectures+Exercises,Python basics continued,2020-10-13,2020-10-06,11:30,1,,CPB,FALSE,8,2020-10-13,2
Q/CMEE Bootcamp: Intro to Biological Computing in Python,Samraat,Pawar,Samraat Pawar,Lecture+Practicals,Python basics continued,2020-10-13,2020-10-06,14:00,3,,CPB,FALSE,8,2020-10-13,2
Q/CMEE Bootcamp: Intro to Biological Computing in Python,Samraat,Pawar,Samraat Pawar,Lecture+Short Practicals,Writing Python Code,2020-10-14,2020-10-07,10:00,1,,CPB,FALSE,9,2020-10-14,3
Q/CMEE Bootcamp: Intro to Biological Computing in Python,Samraat,Pawar,Samraat Pawar,Lecture+Short Practicals,Writing Python Code,2020-10-14,2020-10-07,11:30,1,,CPB,FALSE,9,2020-10-14,3
Q/CMEE Bootcamp: Intro to Biological Computing in Python,Samraat,Pawar,Samraat Pawar,Lectures+Exercises,Writing and testing Python functions,2020-10-15,2020-10-08,10:00,1,,CPB,FALSE,10,2020-10-15,4
Q/CMEE Bootcamp: Intro to Biological Computing in Python,Samraat,Pawar,Samraat Pawar,Lectures+Exercises,Writing and testing Python functions,2020-10-15,2020-10-08,11:30,1,,CPB,FALSE,10,2020-10-15,4
Q/CMEE Bootcamp: Intro to Biological Computing in Python,Samraat,Pawar,Samraat Pawar,Lecture+Practicals,Writing and testing Python functions,2020-10-15,2020-10-08,14:00,3,,CPB,FALSE,10,2020-10-15,4
Q/CMEE Bootcamp: Intro to Biological Computing in Python,Samraat,Pawar,Samraat Pawar,Lectures+Exercises,Writing and testing Python functions,2020-10-16,2020-10-09,10:00,1,,CPB,FALSE,11,2020-10-16,5
Q/CMEE Bootcamp: Intro to Biological Computing in Python,Samraat,Pawar,Samraat Pawar,Lectures+Exercises,Writing and testing Python functions,2020-10-16,2020-10-09,11:30,1,,CPB,FALSE,11,2020-10-16,5
Q/CMEE Bootcamp: Intro to Biological Computing in Python,Samraat,Pawar,Samraat Pawar,Lecture+Practicals,Writing and testing Python functions,2020-10-16,2020-10-09,14:00,3,,CPB,FALSE,11,2020-10-16,5
Q/CMEE Induction + Bootcamp Intro,Samraat,Pawar,Samraat Pawar,Presentation,Introduction to CMEE Masters & QMEE CDT,2020-10-05,2020-09-28,10:00,1,Introduction to the CMEE Masters courses,CPB,FALSE,0,2020-10-05,1
Q/CMEE Induction + Bootcamp Intro,Samraat,Pawar,Samraat Pawar,Practical,Computer setup,2020-10-06,2020-09-29,09:30,0.5,Make sure your tools of trade are shiny and fully operative,CPB,FALSE,1,2020-10-06,2
Q/CMEE Induction + Bootcamp Intro,Samraat,Pawar,Samraat Pawar,Lecture + Exercises,Intro to UNIX and LINUX,2020-10-06,2020-09-29,10:00,2.5,,CPB,FALSE,1,2020-10-06,2
Q/CMEE Induction + Bootcamp Intro,Samraat,Pawar,Samraat Pawar,Lecture + Exercises,How to get addicted to the terminal and shell scripting,2020-10-06,2020-09-29,13:30,3.5,,CPB,FALSE,1,2020-10-06,2
Q/CMEE Induction + Bootcamp Intro,Samraat,Pawar,Samraat Pawar,Lecture + Exercises,Version control with Git,2020-10-07,2020-09-30,09:30,3,,CPB,FALSE,2,2020-10-07,3
Q/CMEE Induction + Bootcamp Intro,Samraat,Pawar,Samraat Pawar,Lecture + Exercises,Scientific typesetting using \LaTeX,2020-10-07,2020-09-30,14:00,2,,CPB,FALSE,2,2020-10-07,3
Scientific writing,Julia,Schroeder,Julia Schroeder,Lecture,Scientific writing,2019-12-02,2019-11-25,09:00,1,,Fisher,TRUE,63,2020-12-07,1
Scientific writing,Julia,Schroeder,Julia Schroeder,Practical,Critical peer-led evaluation of your work,2019-12-02,2019-11-25,10:00,2,,Fisher,TRUE,63,2020-12-07,1
Scientific writing,Julia,Schroeder,Julia Schroeder,Practical,Writing   ,2019-12-02,2019-11-25,13:30,3,,,TRUE,63,2020-12-07,1
Scientific writing,Julia,Schroeder,Julia Schroeder,Lecture,Writing for science,2019-12-03,2019-11-26,09:00,1,,Fisher,TRUE,64,2020-12-08,2
Scientific writing,Julia,Schroeder,Julia Schroeder,Practical,Summarising and synthesizing,2019-12-03,2019-11-26,10:00,2.5,,Fisher,TRUE,64,2020-12-08,2
Scientific writing,Julia,Schroeder,Julia Schroeder,Practical,Writing,2019-12-03,2019-11-26,13:30,3,,,TRUE,64,2020-12-08,2
Scientific writing,Julia,Schroeder,Julia Schroeder,Lecture,Introduction - funnel structure,2019-12-04,2019-11-27,09:00,1,,Fisher,TRUE,65,2020-12-09,3
Scientific writing,Julia,Schroeder,Julia Schroeder,Practical,Critical peer-led evaluation of your work,2019-12-04,2019-11-27,10:00,2,,Fisher,TRUE,65,2020-12-09,3
Scientific writing,Julia,Schroeder,Julia Schroeder,Practical,Writing   ,2019-12-04,2019-11-27,13:30,3,,,TRUE,65,2020-12-09,3
Scientific writing,Julia,Schroeder,Julia Schroeder,Lecture,Technical writing  ,2019-12-05,2019-11-28,09:00,1,,Fisher,TRUE,66,2020-12-10,4
Scientific writing,Julia,Schroeder,Julia Schroeder,Practical,Critical peer-led evaluation of your work,2019-12-05,2019-11-28,10:00,2,,Fisher,TRUE,66,2020-12-10,4
Scientific writing,Julia,Schroeder,Julia Schroeder,Practical,Writing   ,2019-12-05,2019-11-28,13:30,3,,,TRUE,66,2020-12-10,4
Scientific writing,Julia,Schroeder,Julia Schroeder,Lecture,Presenting,2019-12-06,2019-11-29,09:00,1,,Fisher,TRUE,67,2020-12-11,5
Scientific writing,Julia,Schroeder,Julia Schroeder,Practical,Critical peer-led evaluation of your work,2019-12-06,2019-11-29,10:00,2,,Fisher,TRUE,67,2020-12-11,5
Scientific writing,Julia,Schroeder,Julia Schroeder,Practical,Habitat poster presentations,2019-12-06,2019-11-29,13:30,3,,Fisher,TRUE,67,2020-12-11,5
Silwood Masters Workshops,Samraat,Pawar,Samraat Pawar,Workshop,Data Science Careers Workshop,2019-03-06,2019-02-27,17:00,3,,Fisher/Haldane,TRUE,-208,2020-03-11,3
Silwood Masters Workshops,Samraat,Pawar,Samraat Pawar,Workshop,"Choosing, Designing, and executing a Research Project",2019-10-30,2019-10-23,13:30,2,,Fisher/Haldane,TRUE,30,2020-11-04,3
Silwood Masters Workshops,Samraat,Pawar,Samraat Pawar,Workshop,"Applying for Phd positions, and Jobs",2019-11-13,2019-11-06,13:30,2,,Fisher/Haldane,TRUE,44,2020-11-18,3
Social context and policy,Colin,Prentice,Colin Prentice,Lecture,Climate change in context,2019-11-04,2019-10-28,10:00,1,"History of the topic, governance, recent developments",Darwin,TRUE,35,2020-11-09,1
Social context and policy,Colin,Prentice,Colin Prentice,Workshop,Introduction to the class exercise,2019-11-04,2019-10-28,11:30,0.5,"Working in groups, the students will pick a controversial topic and develop a presentation on it",Darwin,TRUE,35,2020-11-09,1
Social context and policy,Andy,Purvis,Andy Purvis,Lecture,The PREDICTS2 model,2019-11-05,2019-10-29,10:00,1,,Darwin,TRUE,36,2020-11-10,2
Social context and policy,Andy,Purvis,Andy Purvis,Lecture,Biodiversity change in context,2019-11-05,2019-10-29,11:30,1,,Darwin,TRUE,36,2020-11-10,2
Social context and policy,Kris,Murray,Kris Murray,Lecture,Environmental change and health,2019-11-06,2019-10-30,10:00,2.5,,Darwin,TRUE,37,2020-11-11,3
Social context and policy,Joanna,House,Joanna House,Lecture,Land use and climate change,2019-11-07,2019-10-31,11:00,1,,Darwin,TRUE,38,2020-11-12,4
Social context and policy,Joanna,House,Joanna House,Discussion,Topics in climate policy,2019-11-07,2019-10-31,13:00,2,,Darwin,TRUE,38,2020-11-12,4
Social context and policy,Colin,Prentice,Colin Prentice,Discussion,Student presentations,2019-11-08,2019-11-01,14:00,3,,Darwin,TRUE,39,2020-11-13,5
Spatial Analyses and Geographic Information Systems (GIS),David,Orme,David Orme,Lecture,Introduction to GIS,2019-10-30,2019-10-23,10:00,2,General intro to GIS and Spatial Analyses,Fisher+Haldane,TRUE,30,2020-11-04,3
Spatial Analyses and Geographic Information Systems (GIS),Emma,Cavan,Emma Cavan,Practicals,GIS in R,2019-10-31,2019-10-24,10:00,2.5,Tutorial on different ways to use R for GIS applications and analysis of spatial data,CPB for CMEE and EEC (MRes) and Computer lab for all other courses,TRUE,31,2020-11-05,4
Spatial Analyses and Geographic Information Systems (GIS),Emma,Cavan,Emma Cavan,Practical,GIS in R,2019-10-31,2019-10-24,14:00,3,Tutorial on different ways to use R for GIS applications and analysis of spatial data,CPB for CMEE and EEC (MRes) and Computer lab for all other courses,TRUE,31,2020-11-05,4
Spatial Analyses and Geographic Information Systems (GIS),Emma,Cavan,Emma Cavan,Practicals,GIS in R,2019-11-01,2019-10-25,10:00,2.5,Tutorial on different ways to use R for GIS applications and analysis of spatial data,CPB for CMEE and EEC (MRes) and Computer lab for all other courses,TRUE,32,2020-11-06,5
Spatial Analyses and Geographic Information Systems (GIS),Emma,Cavan,Emma Cavan,Practical,GIS in R,2019-11-01,2019-10-25,14:00,3,Tutorial on different ways to use R for GIS applications and analysis of spatial data,CPB for CMEE and EEC (MRes) and Computer lab for all other courses,TRUE,32,2020-11-06,5
Statistics in R,Julia,Schroeder,Julia Schroeder,Lectures + Exercises,"Basic concepts of describing data distributions, sampling and sampling error",2019-10-21,2019-10-14,09:30,2.5,"Basic concepts of describing data distributions, sampling and sampling error",Hamilton Computer Lab,TRUE,21,2020-10-26,1
Statistics in R,Julia,Schroeder,Julia Schroeder,Lectures + Exercises,"Basic concepts of describing data distributions, sampling and sampling error",2019-10-21,2019-10-14,13:30,2.5,"Basic concepts of describing data distributions, sampling and sampling error",Hamilton Computer Lab,TRUE,21,2020-10-26,1
Statistics in R,Julia,Schroeder,Julia Schroeder,Lectures + Exercises,"Hypothesis testing, testing for differences in means, linear regression",2019-10-22,2019-10-15,09:30,2.5,"Hypothesis testing, testing for differences in means, linear regression",Hamilton Computer Lab,TRUE,22,2020-10-27,2
Statistics in R,Julia,Schroeder,Julia Schroeder,Lectures + Exercises,"Hypothesis testing, testing for differences in means, Variance, covariance, ANOVA",2019-10-22,2019-10-15,13:30,2.5,"Hypothesis testing, testing for differences in means, linear regression",Hamilton Computer Lab,TRUE,22,2020-10-27,2
Statistics in R,Julia,Schroeder,Julia Schroeder,Practicals,Catchup Sessions,2019-10-23,2019-10-16,09:30,1,"Variance, covariance, ANOVA.",Hamilton Computer Lab,TRUE,23,2020-10-28,3
Statistics in R,Julia,Schroeder,Julia Schroeder,Practicals,Catchup Sessions,2019-10-23,2019-10-16,11:00,1,"Variance, covariance, ANOVA.",Hamilton Computer Lab,TRUE,23,2020-10-28,3
Statistics in R,Julia,Schroeder,Julia Schroeder,Lectures + Exercises,"Linear models, model selection",2019-10-24,2019-10-17,10:00,2.5,"Linear models, model selection",Hamilton Computer Lab,TRUE,24,2020-10-29,4
Statistics in R,Julia,Schroeder,Julia Schroeder,Lectures + Exercises,"Linear models, model selection",2019-10-24,2019-10-17,13:30,2.5,"Linear models, model selection",Hamilton Computer Lab,TRUE,24,2020-10-29,4
Statistics in R,Julia,Schroeder,Julia Schroeder,Lectures + Exercises,"Linear models with more than one explanatory variable, interactions, linear mixed models, variance components",2019-10-25,2019-10-18,09:30,2.5,"Linear models with more than one explanatory variable, interactions, linear mixed models, variance components",Hamilton Computer Lab,TRUE,25,2020-10-30,5
Statistics in R,Julia,Schroeder,Julia Schroeder,Lectures + Exercises,"Linear models with more than one explanatory variable, interactions, linear mixed models, variance components",2019-10-25,2019-10-18,13:30,2.5,"Linear models with more than one explanatory variable, interactions, linear mixed models, variance components",Hamilton Computer Lab,TRUE,25,2020-10-30,5
Statistics in R,Julia,Schroeder,Julia Schroeder,TBD,TBD,2019-10-28,2019-10-21,09:30,2.5,TBD,Hamilton Computer Lab,TRUE,28,2020-11-02,1
Statistics in R,Julia,Schroeder,Julia Schroeder,TBD,TBD,2019-10-28,2019-10-21,13:30,2.5,TBD,Hamilton Computer Lab,TRUE,28,2020-11-02,1
Statistics in R,Julia,Schroeder,Julia Schroeder,TBD,TBD,2019-10-29,2019-10-22,09:30,2.5,TBD,Hamilton Computer Lab,TRUE,29,2020-11-03,2
Statistics in R,Julia,Schroeder,Julia Schroeder,TBD,TBD,2019-10-29,2019-10-22,13:30,2.5,TBD,Hamilton Computer Lab,TRUE,29,2020-11-03,2
TFE Writing workshops,Rob,Ewers,Rob Ewers,Practical,Writing workshop,2020-07-09,2020-07-02,10:00,1.5,,,TRUE,283,2021-07-15,4
TFE Writing workshops,Rob,Ewers,Rob Ewers,Practical,Writing workshop,2020-07-23,2020-07-16,10:00,1.5,,,TRUE,297,2021-07-29,4
TFE Writing workshops,Rob,Ewers,Rob Ewers,Practical,Writing workshop,2020-08-06,2020-07-30,10:00,1.5,,,TRUE,311,2021-08-12,4
TFE Writing workshops,Rob,Ewers,Rob Ewers,Practical,Writing workshop,2020-08-20,2020-08-13,10:00,1.5,,,TRUE,325,2021-08-26,4
TFE Writing workshops,Rob,Ewers,Rob Ewers,Practical,Writing workshop,2020-09-03,2020-08-27,10:00,1.5,,,TRUE,339,2021-09-09,4
Tropical field course,Rob,Ewers,Rob Ewers,Field practical,Assemble in Tawau,2020-02-03,2020-01-27,08:00,10.0,,Malaysia,TRUE,126,2021-02-08,1
Tropical field course,Rob,Ewers,Rob Ewers,Field practical,Transit to SAFE,2020-02-04,2020-01-28,08:00,10,,Malaysia,TRUE,127,2021-02-09,2
Tropical field course,Rob,Ewers,Rob Ewers,Field practical,Project work,2020-02-05,2020-01-29,08:00,10,,Malaysia,TRUE,128,2021-02-10,3
Tropical field course,Rob,Ewers,Rob Ewers,Field practical,Project work,2020-02-06,2020-01-30,08:00,10,,Malaysia,TRUE,129,2021-02-11,4
Tropical field course,Rob,Ewers,Rob Ewers,Field practical,Project work,2020-02-07,2020-01-31,08:00,10,,Malaysia,TRUE,130,2021-02-12,5
Tropical field course,Rob,Ewers,Rob Ewers,Field practical,Project work,2020-02-08,2020-02-01,08:00,10,,Malaysia,TRUE,131,2021-02-13,6
Tropical field course,Rob,Ewers,Rob Ewers,Field practical,Project work,2020-02-09,2020-02-02,08:00,10,,Malaysia,TRUE,132,2021-02-14,7
Tropical field course,Rob,Ewers,Rob Ewers,Field practical,Project work,2020-02-10,2020-02-03,08:00,10,,Malaysia,TRUE,133,2021-02-15,1
Tropical field course,Rob,Ewers,Rob Ewers,Field practical,Project work,2020-02-11,2020-02-04,08:00,10,,Malaysia,TRUE,134,2021-02-16,2
Tropical field course,Rob,Ewers,Rob Ewers,Field practical,Project work,2020-02-12,2020-02-05,08:00,10,,Malaysia,TRUE,135,2021-02-17,3
Tropical field course,Rob,Ewers,Rob Ewers,Field practical,Project work,2020-02-13,2020-02-06,08:00,10,,Malaysia,TRUE,136,2021-02-18,4
Tropical field course,Rob,Ewers,Rob Ewers,Field practical,Transit to Maliau,2020-02-14,2020-02-07,08:00,10,,Malaysia,TRUE,137,2021-02-19,5
Tropical field course,Rob,Ewers,Rob Ewers,Field practical,Project work,2020-02-15,2020-02-08,08:00,10,,Malaysia,TRUE,138,2021-02-20,6
Tropical field course,Rob,Ewers,Rob Ewers,Field practical,Project work,2020-02-16,2020-02-09,08:00,10,,Malaysia,TRUE,139,2021-02-21,7
Tropical field course,Rob,Ewers,Rob Ewers,Field practical,Project work,2020-02-17,2020-02-10,08:00,10,,Malaysia,TRUE,140,2021-02-22,1
Tropical field course,Rob,Ewers,Rob Ewers,Field practical,Project work,2020-02-18,2020-02-11,08:00,10,,Malaysia,TRUE,141,2021-02-23,2
Tropical field course,Rob,Ewers,Rob Ewers,Field practical,Project work,2020-02-19,2020-02-12,08:00,10,,Malaysia,TRUE,142,2021-02-24,3
Tropical field course,Rob,Ewers,Rob Ewers,Field practical,Project work,2020-02-20,2020-02-13,08:00,10,,Malaysia,TRUE,143,2021-02-25,4
Tropical field course,Rob,Ewers,Rob Ewers,Field practical,Transit to Tawau,2020-02-21,2020-02-14,08:00,10,,Malaysia,TRUE,144,2021-02-26,5
