WeekName,LecturerFirstName,LecturerLastName,Type,LectureTitle,StartDate,StartTime,Length,Description,Location,
Silwood Masters Workshops,Samraat,Pawar,Workshop,Data Science Careers Workshop,2019-03-06,17:00,3,,Fisher/Haldane,
Course Induction,Guy,Woodward,Lecture,Welcome to Silwood Park,2020-10-05,09:00,1,,Fisher/Haldane,
Course Induction,Tim,Barraclough,Field practical,Silwood Treasure Hunt,2020-10-05,11:00,2,"In teams with other new Masters and PhDs. In teams with other new Masters and PhDs, you will scour Silwood for answers to Tim Barracloughs fiendish geographically and ecologically based questions. Meet at the Hamilton building foyer and be prepared in case of bad weather.",Silwood Field,
Course Induction,,,Social,Buffet Lunch,2020-10-05,13:00,1,,Hamilton Foyer,
Introductio to Ecosystems and Environmental Change,Guy,Woodward,Presentation,Introductio to Ecosystems and Environmental Change,2020-10-05,10:00,1,Introduction to the eeChange Masters Course,Wallace,
Introduction to Conservation Sciecne,Andrew,Knight,Presentation,Introduction to Conservation Science,2020-10-05,10:00,1,Introduction to the Con Sci Masters Course,Darwin,
Introduction to MRes EEC and EA,Richard,Gill,Presentation,Introduction to MRes EEC and EA,2020-10-05,10:00,1,Introduction to the MRes EEC  and E AMasters Courses,Fisher/Haldane,
Introduction to MSc EEC,Matteo,Fumagalli,Presentation,Introduction to MSc EEC,2020-10-05,10:00,1,Introduction to MSc EEC,Computer Room,
Introduction to Tropical Forest Ecology,Rob,Ewers,Presentation,Introduction to Tropical Forest Ecology,2020-10-05,10:00,1,Introductio to the TFE Masters Course,Darwin,
Q/CMEE Induction + Bootcamp Intro,Samraat,Pawar,Presentation,Introduction to CMEE Masters & QMEE CDT,2020-10-05,10:00,1,Introduction to the CMEE Masters courses,CPB,
Course Induction,Debbie ,Phillips,Induction,Introduction to the library-MRes Tropical Forset Ecology,2020-10-06,10:00,1.5,,Hamilton Computer Lab,
Course Induction,,,Social ,Welcome Reception,2020-10-06,17:00,2,Introduction to student activities and people,CPB,
Introductio to Ecosystems and Environmental Change,Guy,Woodward,Tutorial,Introductory lecture 1,2020-10-06,14:00,1,,Wallace,
Introductio to Ecosystems and Environmental Change,Guy,Woodward,Tutorial,Introductory lecture 2,2020-10-06,15:30,1,,Wallace,
Introduction to EEC A,Tim,Barraclough,Lecture,Introductio to Ecology,2020-10-06,10:00,1,,Fisher/Haldane,
Introduction to EEC A,Tim,Barraclough,Lecture,Human Ecology,2020-10-06,11:30,1,,Fisher/Haldane,
Introduction to EEC B,Tim,Barraclough,Lecture,Ecology and Evolutionary Papers,2020-10-06,13:30,3,,Fisher/Haldane,
Introduction to Tropical Forest Ecology,Rob,Ewers,Practical,Why tropical forests are important (TFE),2020-10-06,11:30,5,,Hamilton Computer Lab,
Pro-network assessment,Andrew,Knight,Lecture,"Pro-network assessment, breaking the ice",2020-10-06,10:00,3,,Darwin,
Q/CMEE Induction + Bootcamp Intro,Samraat ,Pawar,Practical,Computer setup,2020-10-06,09:30,0.5,Make sure your tools of trade are shiny and fully operative,CPB,
Q/CMEE Induction + Bootcamp Intro,Samraat ,Pawar,Lecture + Exercises,Intro to UNIX and LINUX,2020-10-06,10:00,2.5,,CPB,
Q/CMEE Induction + Bootcamp Intro,Samraat ,Pawar,Lecture + Exercises,How to get addicted to the terminal and shell scripting,2020-10-06,13:30,3.5,,CPB,
Course Induction,Debbie ,Phillips,Induction,Introduction to the library- MSc Conservation Science,2020-10-07,09:30,1.5,,Hamilton Computer Lab,
Course Induction,Debbie ,Phillips,Induction,"Introduction to the library- Mres/MSC Ecology,Evolution and Conservation",2020-10-07,14:30,1.5,,Hamilton Computer Lab,
Course Induction,Debbie ,Phillips,Induction,Introduction to the library- Masters Computational Methods in Ecology and Evolution,2020-10-07,16:00,1.5,,Hamilton Computer Lab,
Introduction to EEC C,Tim,Barraclough,Lecture,Evolution in action,2020-10-07,10:00,1,,Fisher/Haldane,
Introduction to EEC C,Tim,Barraclough,Lecture,Evolution in communities,2020-10-07,11:30,1,,,
Introduction to Tropical Forest Ecology,Rob,Ewers,Lecture,The SAFE Project (TFE),2020-10-07,10:00,1,,Darwin,
Introduction to Tropical Forest Ecology,Rob,Ewers,Discussion,Project ideas with past and present students (TFE)_,2020-10-07,11:00,2,,Darwin,
Q/CMEE Induction + Bootcamp Intro,Samraat ,Pawar,Lecture + Exercises,Version control with Git,2020-10-07,09:30,3,,CPB,
Q/CMEE Induction + Bootcamp Intro,Samraat ,Pawar,Lecture + Exercises,Scientific typesetting using \LaTeX,2020-10-07,14:00,2,,CPB,
Course Induction,Janet ,De Wilde,Workshop,Professional Skill Development Programme,2020-10-08,09:30,3.5,A separate timetable will be provided,Fisher/Haldane,
Course Induction,Janet ,De Wilde,Workshop,Professional Skill Development Programme,2020-10-08,14:00,3.5,A separate timetable will be provided,Fisher/Haldane,
Course Induction,Various,,Presentation,Silwood Labs\ & Projects Talks,2020-10-08,15:45,1.5,,CPB,
Course Induction,,,Social,Silwood Labs\& Projects+ Networking Plenary and Refreshments,2020-10-08,17:30,1,,CPB,
Course Induction,Ian,Walmsley,Lecture,Provost's Welcome,2020-10-09,10:00,1,,Fisher/Haldane,
Course Induction,Janet ,De Wilde,Workshop,Professional Skill Development Programme,2020-10-09,11:00,1,,Fisher/Haldane,
Course Induction,Stefan,Hoyle,Lecture,Safety Induction,2020-10-09,14:15,1,,Fisher/Haldane,
Field Ecology Skills,Catalina,Estrada,Lecture,"Week introduction (EEC, EA, TFE, EEChange)",2020-10-12,10:00,1,Week introduction,Fisher/Haldane/Field lab,
Field Ecology Skills,Catalina,Estrada,Lecture  & Field practical,"Field practicals intro (EA, TFE, EEChange, EEC MRes)",2020-10-12,11:00,5,Lecture and field practical for woodland surveys,Fisher/Haldane/Field lab,
Field Ecology Skills,Catalina,Estrada,Lecture  & Field practical,Field practicals intro (EEC MSc),2020-10-12,11:30,5,Lecture and field practical for woodland surveys,Fisher/Haldane/Field lab,
Q/CMEE Bootcamp: Intro to Biological Computing in Python,Samraat,Pawar,Lecture,Unix + Shell Scripting + Git + \LaTeX~Q\&A,2020-10-12,09:30,0.5,,CPB,
Q/CMEE Bootcamp: Intro to Biological Computing in Python,Samraat,Pawar,Lectures+Exercises,Introduction to Computing,2020-10-12,10:00,1,,CPB,
Q/CMEE Bootcamp: Intro to Biological Computing in Python,Samraat,Pawar,Lectures+Exercises,"OK, but why Python?",2020-10-12,11:30,1,,CPB,
Q/CMEE Bootcamp: Intro to Biological Computing in Python,Samraat,Pawar,Lecture+Short Practicals,Programming in Python - basics,2020-10-12,14:00,3,,CPB,
Field Ecology Skills,Catalina,Estrada,Lecture  ,"Data Management (EA, TFE, eeChange, EEC)",2020-10-13,10:00,5,Introduction to field data management,Fisher/Haldane/Field lab,
Q/CMEE Bootcamp: Intro to Biological Computing in Python,Samraat,Pawar,Lectures+Exercises,Python basics continued,2020-10-13,10:00,1,,CPB,
Q/CMEE Bootcamp: Intro to Biological Computing in Python,Samraat,Pawar,Lectures+Exercises,Python basics continued,2020-10-13,11:30,1,,CPB,
Q/CMEE Bootcamp: Intro to Biological Computing in Python,Samraat,Pawar,Lecture+Practicals,Python basics continued,2020-10-13,14:00,3,,CPB,
Field Ecology Skills,Emma,Ransome,Lecture  ,"The effect of warming in freshwater ecosystems (EEC, EA, TFE, eeChange)",2020-10-14,10:00,1,Introduction to Silwood's mesocosms experiments,,
Field Ecology Skills,Chris ,Adams,Lecture,"Use of drones in Ecological field biology (EEC, EA, TFE, eeChange)",2020-10-14,11:00,0.5,This lecture will give you an overview of the possible applications of this technology in environmental monitoring and ecological research  ,Fisher/Haldane/Field lab,
Q/CMEE Bootcamp: Intro to Biological Computing in Python,Samraat,Pawar,Lecture+Short Practicals,Writing Python Code,2020-10-14,10:00,1,,CPB,
Q/CMEE Bootcamp: Intro to Biological Computing in Python,Samraat,Pawar,Lecture+Short Practicals,Writing Python Code,2020-10-14,11:30,1,,CPB,
Field Ecology Skills,Jenna,Lawson,Lecture,Bioacoustics and machine learning ,2020-10-14,11:30,0.5,,Fisher/Haldane/Field lab,
Field Ecology Skills,Catalina,Estrada,Field practical,"Independen work (EA, TFE, eeChange, EEC)",2020-10-15,10:00,5,Discussion about independent projects,Fisher/Haldane/Field lab,
Q/CMEE Bootcamp: Intro to Biological Computing in Python,Samraat,Pawar,Lectures+Exercises,Writing and testing Python functions,2020-10-15,10:00,1,,CPB,
Q/CMEE Bootcamp: Intro to Biological Computing in Python,Samraat,Pawar,Lectures+Exercises,Writing and testing Python functions,2020-10-15,11:30,1,,CPB,
Q/CMEE Bootcamp: Intro to Biological Computing in Python,Samraat,Pawar,Lecture+Practicals,Writing and testing Python functions,2020-10-15,14:00,3,,CPB,
Field Ecology Skills,David,Orme,Field practical,"Estimating above ground biomass (EEC MRes, EA, TFE, eeChange)",2020-10-16,10:00,3,This project will introduce you to the basics of estimating forest carbon biomass. Embedded into this session is basic training in data management and storage.,Hamilton Computer Lab,
Field Ecology Skills,Catalina,Estrada,Field practical,Results and discussion (EEC MSc),2020-10-16,10:00,3,Presentation from groups,Fisher/Haldane/Field lab,
Field Ecology Skills,David,Orme,Field practical,Estimating above ground biomass (EEC MSc),2020-10-16,14:00,3,This project will introduce you to the basics of estimating forest carbon biomass. Embedded into this session is basic training in data management and storage.,Hamilton Computer Lab,
Field Ecology Skills,Catalina,Estrada,Field practical,"Results and discussion (EEC MRes, EA, TFE, eeChange)",2020-10-16,14:00,3,Presentation from groups,Fisher/Haldane/Field lab,
Q/CMEE Bootcamp: Intro to Biological Computing in Python,Samraat,Pawar,Lectures+Exercises,Writing and testing Python functions,2020-10-16,10:00,1,,CPB,
Q/CMEE Bootcamp: Intro to Biological Computing in Python,Samraat,Pawar,Lectures+Exercises,Writing and testing Python functions,2020-10-16,11:30,1,,CPB,
Q/CMEE Bootcamp: Intro to Biological Computing in Python,Samraat,Pawar,Lecture+Practicals,Writing and testing Python functions,2020-10-16,14:00,3,,CPB,
Biological Computing in R,Josh,Hodge,Lecture,"Introduction to the Week, Biological Computing and the R Environment",2019-10-14,09:00,2,,Fisher/Haldane,
Biological Computing in R,Josh,Hodge,Practical ,Setting up R and working with swirl,2019-10-14,11:00,1,,Hamilton Computer Lab,
Biological Computing in R,Josh,Hodge,Lecture,"Introduction to the Week, Biological Computing and the R Environment",2019-10-14,13:30,2,,Fisher/Haldane,
Data management,,Ewers/Orme,Practical,Introduction to data management,2019-10-14,10:00,1,,,
Q/CMEE Bootcamp: Biological Computing in R,Samraat,Pawar,Lecture,Intro to R,2019-10-14,10:00,1,"Intro to R and the week's module, R; vs. other languages",CPB,
Q/CMEE Bootcamp: Biological Computing in R,Samraat,Pawar,Lectures + Exercises,The R Environment,2019-10-14,11:30,1,"The R environment, basic R syntax and conventions",CPB,
Q/CMEE Bootcamp: Biological Computing in R,Samraat,Pawar,Lectures + Exercises,Useful R commands and functions,2019-10-14,14:00,3,Basic R commands,CPB,
Biological Computing in R,Josh,Hodge,Practical ,Setting up R and working with swirl,2019-10-14,15:30,1,,Hamilton Computer Lab,
Biological Computing in R,Josh,Hodge,Lecture,Introduction to Data Wrangling ,2019-10-17,09:00,0.75,,Hamilton Computer Lab,
Biological Computing in R,Josh,Hodge,Practical ,Using tidyr and dplyr,2019-10-17,10:00,2,,Hamilton Computer Lab,
Biological Computing in R,Josh,Hodge,Lecture,Introduction to Data Wrangling ,2019-10-17,13:30,0.75,,Hamilton Computer Lab,
Biological Computing in R,Josh,Hodge,Practical ,Using dplyr,2019-10-17,14:30,2,,Hamilton Computer Lab,
Q/CMEE Bootcamp: Biological Computing in R,Samraat,Pawar,Lectures + Exercises,Useful R commands and functions,2019-10-15,10:00,1,"Writing functions, programs, debugging in R ",CPB,
Q/CMEE Bootcamp: Biological Computing in R,Samraat,Pawar,Lectures + Exercises,Programming in R,2019-10-15,11:30,1,"Writing functions, programs, debugging in R ",CPB,
Q/CMEE Bootcamp: Biological Computing in R,Samraat,Pawar,Lectures + Exercises,Programming in R,2019-10-15,14:00,3,"Writing functions, programs, debugging in R ",CPB,
Social-ecological systems,Morena,Mills,Lecture,Introduction to social-ecological systems,2019-10-15,14:00,3,,Darwin,
Q/CMEE Bootcamp: Biological Computing in R,Samraat,Pawar,Lectures + Exercises,Catchup Sessions,2019-10-16,10:00,2,Opportunity to catch up - demonstrators will be present,CPB,
Biological Computing in R,Josh,Hodge,Lecture,Introduction to Coding in R,2019-10-15,09:00,0.75,,Hamilton Computer Lab,
Biological Computing in R,Josh,Hodge,Practical ,Coding in R,2019-10-15,10:00,2,,Hamilton Computer Lab,
Biological Computing in R,Josh,Hodge,Lecture,Introduction to Coding in R,2019-10-15,13:30,0.75,,Hamilton Computer Lab,
Biological Computing in R,Josh,Hodge,Practical ,Coding in R,2019-10-15,14:30,2,,Hamilton Computer Lab,
Q/CMEE Bootcamp: Biological Computing in R,Samraat,Pawar,Lectures + Exercises,Numerical R,2019-10-17,10:00,1,Handling Data and Numerical analyses in R ,CPB,
Q/CMEE Bootcamp: Biological Computing in R,Samraat,Pawar,Lectures + Exercises,Numerical R,2019-10-17,11:30,1,Handling Data and Numerical analyses in R ,CPB,
Q/CMEE Bootcamp: Biological Computing in R,Samraat,Pawar,Lectures + Exercises,Efficient R,2019-10-17,14:00,3,Writing computationally efficient programs in R,CPB,
Social-ecological systems,Rob,Ewers,Lecture,Understanding land use change,2019-10-17,14:00,2,,Darwin,
Biological Computing in R,Josh,Hodge,Lecture,Introduction to Graphics in R,2019-10-18,09:00,0.75,,Hamilton Computer Lab,
Biological Computing in R,Josh,Hodge,Practical ,Application to Novel Datasets,2019-10-18,10:00,2,,Hamilton Computer Lab,
Biological Computing in R,Josh,Hodge,Lecture,Introduction to Graphics in R,2019-10-18,13:30,0.75,,Hamilton Computer Lab,
Biological Computing in R,Josh,Hodge,Practical ,Application to Novel Datasets,2019-10-18,14:30,2,,Hamilton Computer Lab,
Q/CMEE Bootcamp: Biological Computing in R,Samraat,Pawar,Lectures + Exercises,Graphics and Visualization in R,2019-10-18,10:00,1,Graphics in R ,CPB,
Q/CMEE Bootcamp: Biological Computing in R,Samraat,Pawar,Lectures + Exercises,Graphics and Visualization in R,2019-10-18,11:30,1,Graphics in R ,CPB,
Q/CMEE Bootcamp: Biological Computing in R,Samraat,Pawar,Lectures + Exercises,Advanced Graphics and Visualization in R,2019-10-18,14:00,3,Advanced Graphics in R ,CPB,
Social-ecological systems,Morena,Mills,Lecture,Sociology for conservation,2019-10-18,14:00,3,,Darwin,
Data management,,,,Data management formative feedback,2019-10-21,10:00,1,,,
Social-ecological systems,Joe,Huddart,Lecture,Aquatic ecosystems and conservation,2019-10-21,14:00,3,,Darwin,
Statistics in R,Julia,Schroeder,Lectures + Exercises,"Basic concepts of describing data distributions, sampling and sampling error",2019-10-21,09:30,2.5,"Basic concepts of describing data distributions, sampling and sampling error",Hamilton Computer Lab,
Statistics in R,Julia,Schroeder,Lectures + Exercises,"Basic concepts of describing data distributions, sampling and sampling error",2019-10-21,13:30,2.5,"Basic concepts of describing data distributions, sampling and sampling error",Hamilton Computer Lab,
Social-ecological systems,Rob,Arthur,Lecture,Small-scale fisheries for conservation & developmen,2019-10-22,14:00,3,,Darwin,
Statistics in R,Julia,Schroeder,Lectures + Exercises,"Hypothesis testing, testing for differences in means, linear regression",2019-10-22,09:30,2.5,"Hypothesis testing, testing for differences in means, linear regression",Hamilton Computer Lab,
Statistics in R,Julia,Schroeder,Lectures + Exercises,"Hypothesis testing, testing for differences in means, Variance, covariance, ANOVA",2019-10-22,13:30,2.5,"Hypothesis testing, testing for differences in means, linear regression",Hamilton Computer Lab,
Statistics in R,Julia,Schroeder,Practicals,Catchup Sessions,2019-10-23,09:30,1,"Variance, covariance, ANOVA.",Hamilton Computer Lab,
Statistics in R,Julia,Schroeder,Practicals,Catchup Sessions,2019-10-23,11:00,1,"Variance, covariance, ANOVA.",Hamilton Computer Lab,
Social-ecological systems,Trent,Garner,Lecture,Disease in ecosystems,2019-10-24,14:00,3,,Darwin,
Statistics in R,Julia,Schroeder,Lectures + Exercises,"Linear models, model selection",2019-10-24,10:00,2.5,"Linear models, model selection",Hamilton Computer Lab,
Statistics in R,Julia,Schroeder,Lectures + Exercises,"Linear models, model selection",2019-10-24,13:30,2.5,"Linear models, model selection",Hamilton Computer Lab,
"CMEE Miniproject: Intro, project selection and preliminary work	",Samraat,Pawar,Lecture,Modelling and Model Fitting in Ecology and Evolution,2019-10-25,14:00,1,"Modelling, model fitting, and the nature of Quantitative Ecology and Evolution",CPB,
"CMEE Miniproject: Intro, project selection and preliminary work	",Samraat,Pawar,Lecture,Introduction to the miniproject,2019-10-25,15:00,1,Objectives and guidelines for the miniproject,CPB,
Social-ecological systems,Ans,Vercammen,Lecture,Psychology for conservation,2019-10-25,14:00,3,,Darwin,
Statistics in R,Julia,Schroeder,Lectures + Exercises,"Linear models with more than one explanatory variable, interactions, linear mixed models, variance components",2019-10-25,09:30,2.5,"Linear models with more than one explanatory variable, interactions, linear mixed models, variance components",Hamilton Computer Lab,
Statistics in R,Julia,Schroeder,Lectures + Exercises,"Linear models with more than one explanatory variable, interactions, linear mixed models, variance components",2019-10-25,13:30,2.5,"Linear models with more than one explanatory variable, interactions, linear mixed models, variance components",Hamilton Computer Lab,
"CMEE Miniproject: Intro, project selection and preliminary work	",Samraat,Pawar,Practicals,Model fitting Practical,2019-10-28,14:00,2.5,Model fitting Practical,CPB,
Social-ecological systems,Marcus,Rowcliffe,Lecture,Animal Behaviour and conservation,2019-10-28,15:00,3,,Darwin,
Statistics in R,Julia,Schroeder,TBD,TBD,2019-10-28,09:30,2.5,TBD,Hamilton Computer Lab,
Statistics in R,Julia,Schroeder,TBD,TBD,2019-10-28,13:30,2.5,TBD,Hamilton Computer Lab,
"CMEE Miniproject: Intro, project selection and preliminary work	",Samraat,Pawar,Practicals,Choose miniproject + preliminary work,2019-10-29,14:00,3,Group and 1:1 discussions to choose miniproject + preliminary work,CPB,
Social-ecological systems,Morena,Mills,Lecture,Political Science for Conservation,2019-10-29,14:00,3,,Darwin,
Statistics in R,Julia,Schroeder,TBD,TBD,2019-10-29,09:30,2.5,TBD,Hamilton Computer Lab,
Statistics in R,Julia,Schroeder,TBD,TBD,2019-10-29,13:30,2.5,TBD,Hamilton Computer Lab,
Silwood Masters Workshops,Samraat,Pawar,Workshop,"Choosing, Designing, and executing a Research Project",2019-10-30,13:30,2,,Fisher/Haldane,
Social-ecological systems,Katrina,Davis,Lecture,Economics for conservation,2019-10-30,14:00,3,,Darwin,
Spatial Analyses and Geographic Information Systems (GIS),David,Orme,Lecture,Introduction to GIS,2019-10-30,10:00,2,General intro to GIS and Spatial Analyses,Fisher+Haldane ,
Social-ecological systems,Morena,Mills,Lecture,Conservation in complex systems,2019-10-31,14:00,3,,Darwin,
Spatial Analyses and Geographic Information Systems (GIS),Emma,Cavan,Practicals,GIS in R,2019-10-31,10:00,2.5,Tutorial on different ways to use R for GIS applications and analysis of spatial data,CPB for CMEE and EEC (MRes) and Computer lab for all other courses,
Spatial Analyses and Geographic Information Systems (GIS),Emma,Cavan,Practical,GIS in R,2019-10-31,14:00,3,Tutorial on different ways to use R for GIS applications and analysis of spatial data,CPB for CMEE and EEC (MRes) and Computer lab for all other courses,
Spatial Analyses and Geographic Information Systems (GIS),Emma,Cavan,Practicals,GIS in R,2019-11-01,10:00,2.5,Tutorial on different ways to use R for GIS applications and analysis of spatial data,CPB for CMEE and EEC (MRes) and Computer lab for all other courses,
Spatial Analyses and Geographic Information Systems (GIS),Emma,Cavan,Practical,GIS in R,2019-11-01,14:00,3,Tutorial on different ways to use R for GIS applications and analysis of spatial data,CPB for CMEE and EEC (MRes) and Computer lab for all other courses,
Genomics and Bioinformatics,Matteo,Fumagalli,Lecture,Introduction to population genetics,2019-11-04,10:00,2.5,Concepts of population genetics,Fisher/Haldane,
Genomics and Bioinformatics,Matteo,Fumagalli,Computer Practical,Population genetics,2019-11-04,14:00,3,Population genetics using R,Hamilton Computer Lab,
Social context and policy,Colin,Prentice,Lecture,Climate change in context,2019-11-04,10:00,1,"History of the topic, governance, recent developments",Darwin,
Social context and policy,Colin,Prentice,Workshop,Introduction to the class exercise,2019-11-04,11:30,0.5,"Working in groups, the students will pick a controversial topic and develop a presentation on it",Darwin,
Genomics and Bioinformatics,Matteo,Fumagalli,Lecture,Inference of demographic histories,2019-11-05,10:00,1.5,Inference of population structure and admixture events using R,Fisher/Haldane,
Genomics and Bioinformatics,Matteo,Fumagalli,Computer Practical,Inference of demographic histories,2019-11-05,14:00,3,Inference of population structure and admixture events,Hamilton Computer Lab,
Social context and policy,Andy,Purvis,Lecture,The PREDICTS2 model,2019-11-05,10:00,1,,Darwin,
Social context and policy,Andy,Purvis,Lecture,Biodiversity change in context,2019-11-05,11:30,1,,Darwin,
Genomics and Bioinformatics,Matteo,Fumagalli,Lecture,Inference of natural selection,2019-11-06,10:00,2.5,Inference of natural selection from genomic data,Fisher/Haldane,
Social context and policy,Kris,Murray,Lecture,Environmental change and health,2019-11-06,10:00,2.5,,Darwin,
Genomics and Bioinformatics,Matteo,Fumagalli,Lecture,NGS data,2019-11-07,10:00,2.5,NGS data processing,Fisher/Haldane,
Genomics and Bioinformatics,Matteo,Fumagalli,Computer Practical,Analysis of NGS data,2019-11-07,14:00,3,Analysis of NGS data for population genetics,Hamilton Computer Lab,
Social context and policy,Joanna,House,Lecture,Land use and climate change,2019-11-07,11:00,1,,Darwin,
Social context and policy,Joanna,House,Discussion,Topics in climate policy,2019-11-07,13:00,2,,Darwin,
Genomics and Bioinformatics,Matteo,Fumagalli,Lecture,Metagenomics,2019-11-08,10:00,2.5,Metagenomics,Fisher/Haldane,
Genomics and Bioinformatics,Matteo,Fumagalli,Computer Practical,Metagenomics,2019-11-08,14:00,3,Metagenomics,Hamilton Computer Lab,
Social context and policy,Colin,Prentice,Discussion,Student presentations,2019-11-08,14:00,3,,Darwin,
Biological Computing in Python II,Samraat,Pawar,Lectures+Exercises,Scientific computing (number crunching!) in Python using Scipy,2019-11-11,10:00,1,,CPB,
Biological Computing in Python II,Samraat,Pawar,Lectures+Exercises,Scientific computing (number crunching!) in Python using Scipy,2019-11-11,11:30,1,,CPB,
Biological Computing in Python II,Samraat,Pawar,Lecture+Practicals,Scientific computing (number crunching!) in Python using Scipy,2019-11-11,14:00,3,,CPB,
Conservation Decision Making,Mark,Burgman,Lecture,Conservation Biology: origins and concepts,2019-11-11,10:00,3,,Haldane,
Conservation Decision Making,Mark,Burgman,Lecture,Conservation Biology: tools,2019-11-11,14:00,3,,Haldane,
Planning research projects,,,Practical,TFE - OH visit to SK,2019-01-11,07:30,8,"Bus will leave from Silwood at 07:30, and depart from SK at 14:00",,
ZSL,Marcus,Rowcliffe,Practical,Mini-research project,2019-11-11,10:00,7,,Zoological Society of London,
Biological Computing in Python II,Samraat,Pawar,Lectures+Exercises,Profiling and debugging in Python,2019-11-12,10:00,1,,CPB,
Biological Computing in Python II,Samraat,Pawar,Lectures+Exercises,Profiling and debugging in Python,2019-11-12,11:30,1,,CPB,
Biological Computing in Python II,Samraat,Pawar,Lecture+Practicals,Profiling and debugging in Python,2019-11-12,14:00,3,,CPB,
Conservation Decision Making,Mark,Burgman,Practical,Conservation Biology: threatened species,2019-11-12,10:00,3,,Haldane,
Conservation Decision Making,Mark,Burgman,Practical,Conservation Biology: threatened ecosystems,2019-11-12,14:00,3,,Haldane,
Planning research projects,Rob,Ewers,Lecture,Writing research proposals,2019-11-12,10:00,2,,,
Planning research projects,Rob,Ewers,Computer Practical,Writing research proposals,2019-11-12,13:00,3,,Hamilton Computer Lab,
Science Communication,Alexandra,Fitzsimmons,Seminar,"The who, what and why of Science Communication",2019-11-12,10:30,2.5,,South Kensington,
Science Communication,Stephen ,Webster,Seminar,"Science, Society and Science Communication",2019-11-12,14:00,2,,South Kensington,
ZSL,Marcus,Rowcliffe,Practical,Mini-research project,2019-11-12,10:00,7,,Zoological Society of London,
Biological Computing in Python II,Samraat,Pawar,Lecture+Practicals,Python regex,2019-11-13,10:00,1,,CPB,
Biological Computing in Python II,Samraat,Pawar,Lecture+Practicals,Python regex,2019-11-13,11:30,1,,CPB,
Conservation Decision Making,,,Independent,Reading session,2019-11-13,10:00,3,,Haldane,
Planning research projects,Jones,Helen,Lecture,Animal ethics,2019-11-13,10:00,2,,,
Planning research projects,Jones,Helen,Computer Practical,Ethics and export permits,2019-11-13,11:00,3,,Hamilton Computer Lab,
Science Communication,Felicity,Mellor,Seminar,The media representation of science,2019-11-13,10:30,1.5,,South Kensington,
Science Communication,Gareth,Mitchell,Practical,Various media in turn (Radio/TV/Writing/TBC),2019-11-13,13:00,3,,South Kensington,
Silwood Masters Workshops,Samraat,Pawar,Workshop,"Applying for Phd positions, and Jobs",2019-11-13,13:30,2,,Fisher/Haldane,
ZSL,Marcus,Rowcliffe,Practical,Mini-research project,2019-11-13,10:00,7,,Zoological Society of London,
Biological Computing in Python II,Samraat,Pawar,Lectures+Exercises,Jupyter notebooks + pandas + sympy,2019-11-14,10:00,1,,CPB,
Biological Computing in Python II,Samraat,Pawar,Lectures+Exercises,Jupyter notebooks + pandas + sympy,2019-11-14,11:30,1,,CPB,
Biological Computing in Python II,Samraat,Pawar,Lecture+Practicals,Jupyter notebooks + pandas + sympy,2019-11-14,14:00,3,,CPB,
Conservation Decision Making,Mark,Burgman,Lecture,"Landscape ecology, ecosystem services and the human dimension",2019-11-14,10:00,3,,Haldane,
Conservation Decision Making,Mark,Burgman,Lecture,"Decision Science in Conservation: Conservation priorities, benefit cost analysis and cost effectiveness ",2019-11-14,14:00,2,,Haldane,
Planning research projects,Stefan,Hoyle,Lecture,Risk Assessments,2019-11-14,10:00,2,,,
Planning research projects,Stefan,Hoyle,Computer Practical,Risk Assessments,2019-11-14,13:00,3,,Hamilton Computer Lab,
ZSL,Marcus,Rowcliffe,Practical,Mini-research project,2019-11-14,10:00,7,,Zoological Society of London,
Biological Computing in Python II,Samraat,Pawar,Lectures+Exercises,Build and run your workflow with Python,2019-11-15,10:00,1,,CPB,
Biological Computing in Python II,Samraat,Pawar,Lectures+Exercises,Build and run your workflow with Python,2019-11-15,11:30,1,,CPB,
Biological Computing in Python II,Samraat,Pawar,Lecture+Practicals,Build and run your workflow with Python,2019-11-15,14:00,3,,CPB,
Conservation Decision Making,Mark,Burgman,Lecture,Decision Science in Conservation: Project Priotitization Protocol and Systematic Conservation Planning,2019-11-15,10:00,3,,Haldane,
Conservation Decision Making,Mark,Burgman,Practical,Decision Science in Conservation: Systematic Conservation Planning Case Studies  ,2019-11-15,14:00,3,,Haldane,
Planning research projects,Rob,Ewers,Computer Practical,Budgeting research projects,2019-11-15,10:00,2,,Hamilton Computer Lab,
Planning research projects,Rob,Ewers,Computer Practical,Budgeting research projects,2019-11-15,10:00,3,,Hamilton Computer Lab,
Science Communication,Alexandra,Fitzsimmons,Discussion,Presentation of practical work,2019-11-15,10:30,1,,South Kensington,
Science Communication,Alexandra,Fitzsimmons,Reflection,Science communication and your discipline,2019-11-15,11:30,1.5,,South Kensington,
Science Communication,Ellie,Mackay,Viewing + Discussion,Documenting the rainforest,2019-11-15,14:00,2,,South Kensington,
Science Communication,Gareth,Mitchell,Practical,Various media in turn (Radio/TV/Writing/TBC),2019-11-15,14:30,1.5,,South Kensington,
ZSL,Marcus,Rowcliffe,Practical,Mini-research project,2019-11-15,10:00,7,,Zoological Society of London,
CMEE Miniproject: Hackathon,Samraat,Pawar,Practicals,Miniproject Hackathon!,2019-11-18,10:00,1,"Discussions about miniproject progress, set up for Hackathon",CPB,
CMEE Miniproject: Hackathon,Samraat,Pawar,Practicals,Miniproject Hackathon!,2019-11-18,11:30,1,Work on miniproject,CPB,
CMEE Miniproject: Hackathon,Samraat,Pawar,Practicals,Miniproject Hackathon!,2019-11-18,14:00,3,Work on miniproject,CPB,
Determining Effectiveness,Andrew,Knight,Lecture + practicals,Utilization focused evaluation,2019-11-18,10:00,3,,Darwin,
Determining Effectiveness,Diogo,Verissimo,Lecture + practicals,Understanding the impact of marketing in conservation,2019-11-18,14:00,3,,Darwin,
"Energy, water and plants",Wouter,Buytaert,Lecture,Climatology and meteorology,2019-11-18,10:00,2,,Fisher,
"Energy, water and plants",Wouter,Buytaert,Practical,Introduction to class exercise,2019-11-18,14:00,3,,Fisher,
Environmental impact assessment,Thomson,Ecology,Practical,Ecological Impact assessments (Thomson Ecology in Guilford),2019-11-18,09:00,7,,Offsite,
Phylogenetic reconstruction,Ian,Kitching,Lecture,General Introduction,2019-11-18,10:00,0.75,,,
Phylogenetic reconstruction,Mark,Carine,Lecture,Introduction to cladistic terms and concepts,2019-11-18,11:00,1,,NHM,
Phylogenetic reconstruction,Mark,Carine,Lecture,"Characters, character states and homology",2019-11-18,13:00,1,,NHM,
Phylogenetic reconstruction,Mark,Carine,Lecture,Characters and coding,2019-11-18,14:15,1.3,,NHM,
CMEE Miniproject: Hackathon,Samraat,Pawar,Practicals,Miniproject Hackathon!,2019-11-19,10:00,2.5,Work on miniproject,CPB,
CMEE Miniproject: Hackathon,Samraat,Pawar,Practicals,Miniproject Hackathon!,2019-11-19,14:00,3,Work on miniproject,CPB,
Determining Effectiveness,Clare,Crawford,Lecture,Design and impact at WWF-UK,2019-11-19,10:00,3,,Darwin,
Determining Effectiveness,Andrew,Knight,Lecture + practicals,Monitoring and evaluating the human dimension of conservation initiatives,2019-11-19,14:00,3,,Darwin,
"Energy, water and plants",Colin,Prentice,Lecture,Ecohydrology,2019-11-19,10:00,2,,Fisher,
"Energy, water and plants",Colin,Prentice,Practical,Class exercise,2019-11-19,14:00,3,,Fisher,
Environmental impact assessment,Thomson,Ecology,Practical,Ecological Impact assessments (Thomson Ecology in Guilford),2019-11-19,09:00,7,,Offsite,
Phylogenetic reconstruction,Mark,Carine,Practical,Introduction,2019-11-19,10:00,0.5,,NHM,
Phylogenetic reconstruction,Ian,Kitching,Lecture,Cladogram construction and rooting Group1,2019-11-19,10:30,1,,NHM,
Phylogenetic reconstruction,Mark,Carine,Practical,From observations to analysis Group2,2019-11-19,10:30,2.5,,NHM,
Phylogenetic reconstruction,Ian,Kitching,Lecture,Missing values and optimisation Group1,2019-11-19,11:45,1,,NHM,
Phylogenetic reconstruction,Ian,Kitching,Lecture,Cladogram construction and rooting Group1,2019-11-19,14:00,1,,NHM,
Phylogenetic reconstruction,Mark,Carine,Practical,From observations to analysis Group1,2019-11-19,14:00,2.5,,NHM,
Phylogenetic reconstruction,Ian,Kitching,Lecture,Missing values and optimisation Group1,2019-11-19,15:15,1,,NHM,
CMEE Miniproject: Hackathon,Samraat,Pawar,Practicals,Miniproject Hackathon!,2019-11-20,10:00,2.5,Work on miniproject,CPB,
Determining Effectiveness,,,Independent,Project preparation,2019-11-20,10:00,3,,Darwin,
"Energy, water and plants",Wouter,Buytaert,Lecture,Hydrochemistry,2019-11-20,10:00,2,,Fisher,
Environmental impact assessment,Thomson,Ecology,Lecture,Ecological Impact assessments (Thomson Ecology in Guilford),2019-11-20,09:00,7,,Offsite,
CMEE Miniproject: Hackathon,Samraat,Pawar,Practicals,Miniproject Hackathon!,2019-11-21,10:00,2.5,Work on miniproject,CPB,
CMEE Miniproject: Hackathon,Samraat,Pawar,Practicals,Miniproject Hackathon!,2019-11-21,14:00,3,Work on miniproject,CPB,
Determining Effectiveness,Colin,Clubbe,Lecture,Introduction to Kew Gardens,2019-11-21,10:00,3,,Kew,
Determining Effectiveness,Colin,Clubbe,Lecture,Introduction to Kew Gardens,2019-11-21,14:00,3,,Kew,
"Energy, water and plants",Colin,Prentice,Lecture,Plant carbon and water exchanges,2019-11-21,10:00,2,,Fisher,
"Energy, water and plants",Colin,Prentice,Practical,Class exercise,2019-11-21,14:00,3,,Fisher,
Environmental impact assessment,Thomson,Ecology,Lecture,Ecological Impact assessments (Thomson Ecology in Guilford),2019-11-21,09:00,7,,Offsite,
CMEE Miniproject: Hackathon,Samraat,Pawar,Practicals,Miniproject Hackathon!,2019-11-22,10:00,2.5,Work on miniproject,CPB,
CMEE Miniproject: Hackathon,Samraat,Pawar,Practicals,Hackathon week reckoning,2019-11-22,14:00,3,Work on miniproject,CPB,
Determining Effectiveness,Martin,Reynolds,Lecture + Exercises,Systems thinking in practice,2019-11-22,14:00,3,,Darwin,
"Energy, water and plants",Colin,Prentice,Lecture,Global vegetation patterns,2019-11-22,10:00,2,,Fisher,
"Energy, water and plants",Colin,Prentice,Practical,Student presentations,2019-11-22,14:00,3,,Fisher,
Environmental impact assessment,Thomson,Ecology,Lecture,Ecological Impact assessments (Thomson Ecology in Guilford),2019-11-22,09:00,7,,Offsite,
Phylogenetic reconstruction,Ian,Kitching,Practical,PAUP Group 2,2019-11-22,10:00,2.5,,NHM,
Phylogenetic reconstruction,David ,Williams,Lecture,Alternative Optimality criteria Group 1,2019-11-22,11:00,1.5,,NHM,
Phylogenetic reconstruction,David ,Williams,Lecture,Alternative Optimality criteria Group 1,2019-11-22,14:30,1.5,,NHM,
Phylogenetic reconstruction,Ian,Kitching,Practical,PAUP Group 1,2019-11-22,14:30,2.5,,NHM,
Phylogenetic reconstruction,Mark,Carine,Practical,PAUP Group 1,2019-11-22,14:30,2.5,,NHM,
Phylogenetic reconstruction,Mark,Carine,Practical,PAUP Group 2,2019-11-22,14:30,2.5,,NHM,
Biogeochemistry,Terhi,Riutta,Lecture,Ecosystem carbon cycle,2019-11-25,10:00,2,,Fisher,
Biogeochemistry,Terhi,Riutta,Practical,Millipede mesocosm experiment I,2019-11-25,14:00,3,,Field lab,
Durrell - Species declines and zoos,Tim,Wright,Lecture + Practical,Introduction to Durrell and tour,2019-11-25,10:00,3,,Durrell Wildlife Conservation Trust,
Durrell - Species declines and zoos,Tim,Wright,Lecture,Role of zoos in endangered species recovery,2019-11-25,14:00,3,,Durrell Wildlife Conservation Trust,
Environmental impact assessment,Thomson,Ecology,Lecture,Ecological Impact assessments (Thomson Ecology in Guilford),2019-11-25,09:00,7,,Offsite,
High Performance Computing,James,Rosindell,Lecture,Introduction and individual based models,2019-11-25,10:00,1,,CPB,
High Performance Computing,James,Rosindell,Lecture,Introduction and individual based models,2019-11-25,11:30,1,,CPB,
High Performance Computing,James,Rosindell,Practicals,IB models practical,2019-11-25,14:00,3,,CPB,
Lundy Island,Julia,Schroeder,Practical,Character building,2019-11-25,04:00,,Travel,,
Lundy Island,Julia,Schroeder,Practical,Seeking adventure,2019-11-25,11:00,,Helicopter,,
Lundy Island,Julia,Schroeder,Lectures + Fieldwork,Introductory talk and guided walk,2019-11-25,14:00,10,,Tavern,
Biogeochemistry,Colin,Prentice,Lecture,Global carbon cycle,2019-11-26,10:00,2,,Fisher,
Biogeochemistry,Terhi,Riutta,Practical,Leaf litter collection and processing,2019-11-26,14:00,3,,Field lab,
Durrell - Species declines and zoos,Eluned,Price,Lecture,Captive breeding research for conservation,2019-11-26,10:00,3,,Durrell Wildlife Conservation Trust,
Durrell - Species declines and zoos,,,,Animal and Vet Department,2019-11-26,14:00,3,,Durrell Wildlife Conservation Trust,
Environmental impact assessment,Thomson,Ecology,Lecture,Ecological Impact assessments (Thomson Ecology in Guilford),2019-11-26,09:00,7,,Offsite,
High Performance Computing,James,Rosindell,Lecture,Using HPC,2019-11-26,10:00,1,,CPB,
High Performance Computing,James,Rosindell,Practicals,Using HPC,2019-11-26,11:30,1,,CPB,
High Performance Computing,James,Rosindell,Practicals,Using HPC,2019-11-26,14:00,3,,CPB,
Lundy Island,Julia,Schroeder,Fieldwork,Applied conservation work group C,2019-11-26,07:00,2,,Lundy,
Lundy Island,Julia,Schroeder,Fieldwork,Data collection group A,2019-11-26,07:00,2,,Lundy,
Lundy Island,Julia,Schroeder,Fieldwork,Ornithological methods group B,2019-11-26,07:00,2,,Lundy,
Lundy Island,Julia,Schroeder,Lecture,Applied conservation  ,2019-11-26,14:00,2,,Lundy,
Biogeochemistry,Terhi,Riutta,Lecture,GHG budget,2019-11-27,10:00,2,,Fisher,
Durrell - Species declines and zoos,Chris,Clark,Practical,Writing grant applications an donor management,2019-11-27,10:00,3,,Durrell Wildlife Conservation Trust,
Durrell - Species declines and zoos,,,,Animal and Vet Department,2019-11-27,14:00,3,,Durrell Wildlife Conservation Trust,
Environmental impact assessment,Thomson,Ecology,Lecture,Ecological Impact assessments (Thomson Ecology in Guilford),2019-11-27,09:00,7,,Offsite,
High Performance Computing,James,Rosindell,Lecture,Coalescence methods,2019-11-27,10:00,1,,CPB,
High Performance Computing,James,Rosindell,Practicals,Coalescence methods,2019-11-27,11:30,1,,CPB,
Lundy Island,Julia,Schroeder,Fieldwork,Applied conservation work group B,2019-11-27,07:00,2,,Lundy,
Lundy Island,Julia,Schroeder,Fieldwork,Data collection group C,2019-11-27,07:00,2,,Lundy,
Lundy Island,Julia,Schroeder,Fieldwork,Ornithological methods group A,2019-11-27,07:00,2,,Lundy,
Lundy Island,Julia,Schroeder,Lecture,Life history theory,2019-11-27,10:00,2,,Lundy,
Lundy Island,Julia,Schroeder,Lecture,Lundy sparrow talk,2019-11-27,14:30,2.5,,Lundy,
Biogeochemistry,Terhi,Riutta,Computer practical,Carbon budget quantification,2019-11-28,09:00,3,,Hamilton Computer Room,
Biogeochemistry,Terhi,Riutta,Practical,Leaf litter processing + Millipede mesocosm experiment II,2019-11-28,14:00,3,,Field lab,
Durrell - Species declines and zoos,Various,staff,Lecture,Species recovery and reintroductions,2019-11-28,10:00,3,,Durrell Wildlife Conservation Trust,
Durrell - Species declines and zoos,Tim,Wright,Lecture,Fieldtrip to reintroduction project,2019-11-28,14:00,3,,Durrell Wildlife Conservation Trust,
Environmental impact assessment,Thomson,Ecology,Lecture,Ecological Impact assessments (Thomson Ecology in Guilford),2019-11-28,09:00,7,,Offsite,
High Performance Computing,James,Rosindell,Lecture,Fractal geometry,2019-11-28,10:00,1,,CPB,
High Performance Computing,James,Rosindell,Practicals,Fractal geometry,2019-11-28,11:30,1,,CPB,
High Performance Computing,James,Rosindell,Practicals,Fractal geometry,2019-11-28,14:00,3,,CPB,
Lundy Island,Julia,Schroeder,Fieldwork,Wrapping up data collection,2019-11-28,07:00,2,,Lundy,
Lundy Island,Julia,Schroeder,Practical,Data collation and analysis,2019-11-28,10:00,3,,Lundy,
Lundy Island,Julia,Schroeder,Practical,Preparing presentations,2019-11-28,14:00,2,,Lundy,
Lundy Island,Julia,Schroeder,Lecture,Island population talk,2019-11-28,16:00,1.5,,Lundy,
Lundy Island,Julia,Schroeder,Practical,Presentations,2019-11-28,19:00,2,,Tavern,
Biogeochemistry,Terhi,Riutta,Computer Practical,Data synthesis,2019-11-29,09:00,3,,Hamilton Computer Room,
Biogeochemistry,Terhi,Riutta,Computer Practical,Data synthesis,2019-11-29,14:00,2,,Hamilton Computer Room,
Durrell - Species declines and zoos,Chris,Clark,Lecture,Effective teamwork in conservation,2019-11-29,10:00,3,,Durrell Wildlife Conservation Trust,
Environmental impact assessment,Thomson,Ecology,Lecture,Ecological Impact assessments (Thomson Ecology in Guilford),2019-11-29,09:00,7,,Offsite,
High Performance Computing,James,Rosindell,Lecture,Fractals in nature,2019-11-29,10:00,1,,CPB,
High Performance Computing,James,Rosindell,Practicals,Fractals in nature,2019-11-29,11:30,1,,CPB,
High Performance Computing,Samraat,Pawar,Lecture+Practicals,HPC with Python,2019-11-29,14:00,3,,CPB,
Lundy Island,Julia,Schroeder,Fieldwork,Wrapping up data collection,2019-11-29,07:00,10,,Lundy,
Lundy Island,Julia,Schroeder,Practical,Back to civilisation,2019-11-29,11:00,,helicoptor back and travel,,
Biocontrol and Integrated Pest Management,Denis,Wright,Lecture,"Setting the scene: definitions, theoretical and practical considerations",2019-12-02,10:00,1,,Darwin,
Biocontrol and Integrated Pest Management,Denis,Wright,Lecture,"Setting the scene: definitions, theoretical and practical considerations continued",2019-12-02,11:15,1,,Darwin,
Biocontrol and Integrated Pest Management,Dick ,Shaw,Lecture,Plant Biocontrol Lecture and Role Play Activity ,2019-12-02,13:30,2.5,,Darwin,
Biodiversity,Rob,Ewers,Discussion,Estimating species richness,2019-12-02,10:00,2,Concepts and methods (iRAT + tRAT),,
Biodiversity,Rob,Ewers,Computer Practical,Estimating species richness,2019-12-02,13:00,3,Estimating species richness (tAPP),Hamilton Computer Room,
Biological Data Structures and C,Martin,Brazeau,Lecture,Introduction to C; the C compiler; first C program,2019-12-02,10:00,1,,Wallace,
Biological Data Structures and C,Martin,Brazeau,Lecture,"Variables, data types, and memory",2019-12-02,11:30,1,,Wallace,
Biological Data Structures and C,Martin,Brazeau,Lecture+Practicals,"Arrays, strings; control flow, looping, and scope; writing first programs. ",2019-12-02,14:00,3,,Wallace,
Durrell - Species declines and zoos,Various,staff,Lecture,Species recovery and reintroductions,2019-12-02,10:00,3,,,
Durrell - Species declines and zoos,Tim,Wright,Practical,Fieldtrip to reintroduction project,2019-12-02,14:00,3,,,
Scientific writing,Julia,Schroeder,Lecture,Scientific writing,2019-12-02,09:00,1,,Fisher,
Scientific writing,Julia,Schroeder,Practical,Critical peer-led evaluation of your work,2019-12-02,10:00,2,,Fisher,
Scientific writing,Julia,Schroeder,Practical,Writing   ,2019-12-02,13:30,3,,,
Biocontrol and Integrated Pest Management,Dick,Shaw,Field Trip,Tour of CABI facilities in Egham (meet at Silwood 0900 hrs),2019-12-03,09:30,2,,,
Biocontrol and Integrated Pest Management,Dick,Shaw,Field Trip,"Introduction to Invasive Priorities Project (Independent Research, Dick Shaw)",2019-12-03,12:00,1,,,
Biocontrol and Integrated Pest Management,Belinda,Luke,Field Trip,"Biopesticides (Lecture, Steve)",2019-12-03,14:00,1.5,,,
Biodiversity,Rob,Ewers,Discussion,Measuring species diversity,2019-12-03,10:00,2,Concepts and methods (iRAT + tRAT),,
Biodiversity,Rob,Ewers,Computer Practical,Measuring species diversity,2019-12-03,13:00,3,Measuring species diversity (tAPP),Hamilton Computer Room,
Biological Data Structures and C,Martin,Brazeau,Lecture,Functions and scope,2019-12-03,10:00,1,,Wallace,
Biological Data Structures and C,Martin,Brazeau,Lecture,"The stack, the heap, lower-level analysis of memory",2019-12-03,11:30,1,,Wallace,
Biological Data Structures and C,Martin,Brazeau,Lecture+Practicals,Advanced data types; bitwise operations,2019-12-03,14:00,3,,Wallace,
Durrell - Species declines and zoos,Andrew ,Routh,Lecture,Conservation medicine,2019-12-03,10:00,3,,,
Durrell - Species declines and zoos,,,Independent,Assessment preparation time ,2019-12-03,14:00,3,,,
Scientific writing,Julia,Schroeder,Lecture,Writing for science,2019-12-03,09:00,1,,Fisher,
Scientific writing,Julia,Schroeder,Practical,Summarising and synthesizing,2019-12-03,10:00,2.5,,Fisher,
Scientific writing,Julia,Schroeder,Practical,Writing,2019-12-03,13:30,3,,,
Biocontrol and Integrated Pest Management,Samantha,O'Loughlin,Lecture,"Target Malaria: Preparing for Releases (Lecture, Samantha O)",2019-12-04,09:30,1,,Darwin,
Biocontrol and Integrated Pest Management,Dick,Shaw,Computer Lab,"Time to work on Invasive Priorities Project (Independent Research, Computer Lab?, Lauren)",2019-12-04,10:30,3,,Seminar Room 2,
Biodiversity,Rob,Ewers,Discussion,Sampling issues,2019-12-04,10:00,2,Concepts and methods (iRAT + tRAT),,
Biological Data Structures and C,Martin,Brazeau,Lecture,Pointers; pointers and advanced data types,2019-12-04,10:00,1,,Wallace,
Biological Data Structures and C,Martin,Brazeau,Lecture,Memory management,2019-12-04,11:30,1,,Wallace,
Durrell - Species declines and zoos,Andrew,Terry,Lecture,Project management and log frames,2019-12-04,10:00,3,,,
Durrell - Species declines and zoos,Andrew,Terry,Lecture,Project management and log frames,2019-12-04,14:00,3,,,
Scientific writing,Julia,Schroeder,Lecture,Introduction - funnel structure,2019-12-04,09:00,1,,Fisher,
Scientific writing,Julia,Schroeder,Practical,Critical peer-led evaluation of your work,2019-12-04,10:00,2,,Fisher,
Scientific writing,Julia,Schroeder,Practical,Writing   ,2019-12-04,13:30,3,,,
Biocontrol and Integrated Pest Management,Graham,Matthews,Lecture,Integrated Pest Management,2019-12-05,09:30,1.5,,Darwin,
Biocontrol and Integrated Pest Management,Dick,Shaw,Computer Lab,"Time to work on Invasive Priorities Project (Independent Research, Computer Lab?, Lauren)",2019-12-05,09:30,2.5,,Seminar Room 2,
Biocontrol and Integrated Pest Management,Dick,Shaw,Computer Lab,"Time to work on Invasive Priorities Project (Independent Research, Computer Lab?, Lauren)",2019-12-05,11:00,5,,Seminar Room 2,
Biodiversity,Rob,Ewers,Discussion,Compositional similarity and beta-diversity,2019-12-05,10:00,2,Concepts and methods (iRAT + tRAT),,
Biodiversity,Rob,Ewers,Computer Practical,Compositional similarity and beta-diversity,2019-12-05,13:00,3,Compositional similarity and beta-diversity (tAPP),Hamilton Computer Room,
Biological Data Structures and C,Martin,Brazeau,Lecture,Practical pointers: trees and linked lists with biological applications,2019-12-05,10:00,1,,Wallace,
Biological Data Structures and C,Martin,Brazeau,Lecture,Other representations of (phylogenetic) trees and networks,2019-12-05,11:30,1,,Wallace,
Biological Data Structures and C,Martin,Brazeau,Lecture+Practicals,Packing discrete biological data into bits to speed up your code.,2019-12-05,14:00,3,,Wallace,
Durrell - Species declines and zoos,,,Independent,Assessment preparation time ,2019-12-05,10:00,3,,,
Durrell - Species declines and zoos,,,Practical,Presentations 1,2019-12-05,14:00,3,,,
Scientific writing,Julia,Schroeder,Lecture,Technical writing  ,2019-12-05,09:00,1,,Fisher,
Scientific writing,Julia,Schroeder,Practical,Critical peer-led evaluation of your work,2019-12-05,10:00,2,,Fisher,
Scientific writing,Julia,Schroeder,Practical,Writing   ,2019-12-05,13:30,3,,,
Biocontrol and Integrated Pest Management,Dick,Shaw,Computer Lab,"Time to work on Invasive Priorities Project (Independent Research, Computer Lab?, Lauren)",2019-12-06,09:30,1.5,,Darwin,
Biocontrol and Integrated Pest Management,Sean ,Murphy,Lecture,Insect Biocontrol,2019-12-06,11:00,1,,Darwin,
Biocontrol and Integrated Pest Management,Dick ,Shaw,Lecture,"Invasive Priorities: Findings and Testing Sheet (Discussion, Dick Shaw)",2019-12-06,14:00,1.5,,Darwin,
Biodiversity,,,Practical,TFE - OH visit to SK,2019-11-08,07:30,8,"Bus will leave from Silwood at 07:30, and depart from SK at 14:00",,
Biological Data Structures and C,Martin,Brazeau,Lecture,"Headers, multiple files, working with other languages (R and Python)",2019-12-06,10:00,1,,Wallace,
Biological Data Structures and C,Martin,Brazeau,Lecture,Optimising your Python/R code with C (or your knowledge of C),2019-12-06,11:30,1,,Wallace,
Biological Data Structures and C,Martin,Brazeau,Lecture+Practicals,Safe programming practices; partial object-orientation in C,2019-12-06,14:00,3,,Wallace,
Building Partnerships + Programmes,Mark ,Burgman,Lecture + Exercises,Working with uncertainty and risk,2019-12-06,10:00,3,,Darwin,
Durrell - Species declines and zoos,Richard,Young,Lecture,Conservation science and impact evaluation at Durrell,2019-12-06,10:00,3,,,
Scientific writing,Julia,Schroeder,Lecture,Presenting,2019-12-06,09:00,1,,Fisher,
Scientific writing,Julia,Schroeder,Practical,Critical peer-led evaluation of your work,2019-12-06,10:00,2,,Fisher,
Scientific writing,Julia,Schroeder,Practical,Habitat poster presentations,2019-12-06,13:30,3,,Fisher,
Building Partnerships + Programmes,EJ,Milner-Gulland,Lecture + Exercises,Building partnerships in conservation,2020-01-06,14:00,3,,,
Field course planning,Rob,Ewers,Practical,Logistics of working at SAFE,2020-01-06,09:30,1,Resource availability; project design; site accessibility; etc,,
Field course planning,Rob,Ewers,Practical,Project 1 - Reading recap,2020-01-06,10:30,2,Concepts and methods (iRAT + tRAT),,
Field course planning,Rob,Ewers,Practical,Project 1 - Develop project options,2020-01-06,13:00,2,Generate hypothesis and plan methods to test it (tAPP),,
Field course planning,Rob,Ewers,Practical,Project 1 - Finalise plan,2020-01-06,15:00,1,Class consensus,,
Building Partnerships + Programmes,Lizzie,Duthie,Lecture + Exercises,Marketing in conservation,2020-01-07,10:00,3,,Darwin,
Building Partnerships + Programmes,Nigel,Dudley,Lecture + Exercises,Building partnerships,2020-01-07,14:00,3,,Darwin,
Field course planning,Rob,Ewers,Practical,Project 2 - Reading recap,2020-01-07,09:30,2,Concepts and methods (iRAT + tRAT),Seminar Room 1,
Field course planning,Rob,Ewers,Practical,Project 2 - Develop project options,2020-01-07,13:00,2,Generate hypothesis and plan methods to test it (tAPP),Seminar Room 1,
Field course planning,Rob,Ewers,Practical,Project 2 - Finalise plan,2020-01-07,15:00,1,Class consensus,Seminar Room 1,
Building Partnerships + Programmes,,,Practical,Partnership building student led practical,2020-01-08,10:00,3,,Darwin,
Field course planning,Rob,Ewers,Practical,Project 3 - Reading recap,2020-01-08,09:30,2,Concepts and methods (iRAT + tRAT),,
Field course planning,Rob,Ewers,Practical,Project 3 - Develop project options,2020-01-08,13:00,2,Generate hypothesis and plan methods to test it (tAPP),,
Field course planning,Rob,Ewers,Practical,Project 3 - Finalise plan,2020-01-08,15:00,1,Class consensus,,
Building Partnerships + Programmes,Helal,Ahmed,Lecture + Exercises,Negotiation skills,2020-01-09,10:00,3,,Darwin,
Building Partnerships + Programmes,Helal,Ahmed,Lecture + Exercises,Leadership skills,2020-01-09,14:00,3,,Darwin,
Field course planning,Rob,Ewers,Practical,Project integration options,2020-01-09,09:30,2,Generate options for timetabling data collection (tAPP),,
Field course planning,Rob,Ewers,Practical,Finalise project integration,2020-01-09,13:00,3,Class consensus,,
Building Partnerships + Programmes,Cathy,Dean,Lecture + Exercises,Saving the Rhino's conservation strategy,2020-01-10,14:00,3,,Darwin,
Field course planning,Rob,Ewers,Computer Practical,Data collection forms,2020-01-10,09:30,2.5,Develop and trial Epicollect forms,Hamilton Computer Room,
Field course planning,Rob,Ewers,Computer Practical,Project management structure,2020-01-10,13:00,3,"Zoho forms: milestones, tasklists and tasks",Hamilton Computer Room,
Generalised Linear Models,Julia,Schroeder,Lectures + Exercises,Revisiting linear models,2020-01-13,09:15,2.5,Revisiting linear models,Hamilton Computer Lab,
Generalised Linear Models,Julia,Schroeder,Lectures + Exercises,Interactions and squared terms,2020-01-13,13:30,2,Interactions and squared terms,Hamilton Computer Lab,
Social Research Methods ,Helen,Newing,Lecture + Exercises,Qualitative techniques,2020-01-13,10:00,3,,Darwin,
Social Research Methods ,Helen,Newing,Lecture + Exercises,Qualitative techniques,2020-01-13,14:00,3,,Darwin,
Generalised Linear Models,Josh,Hodge,Lectures + Exercises,Model selection,2020-01-14,09:15,2.5,Model selection,Hamilton Computer Lab,
Generalised Linear Models,Josh,Hodge,Lectures + Exercises,GLMs – Poisson models,2020-01-14,13:30,2,GLMs – Poisson models,Hamilton Computer Lab,
Social Research Methods ,Helen,Newing,Lecture + Exercises,Qualitative techniques,2020-01-14,10:00,3,,Darwin,
Social Research Methods ,Katrina ,Davis,Lecture + Exercises,Choice Modelling,2020-01-14,14:00,3,,Darwin,
Generalised Linear Models,Josh,Hodge,Lectures + Exercises,GLMs – Logistic regression,2020-01-15,09:15,2.5,GLMs – Logistic regression,Hamilton Computer Lab,
Project preparation,,,Independent,Project preparation,2020-01-15,10:00,7,,Darwin,
Generalised Linear Models,Julia,Schroeder,Lectures + Exercises,"Bi- and multivariate GL(M)Ms, variance-covariance analysis",2020-01-16,09:15,2.5,"Bi- and multivariate GL(M)Ms, variance-covariance analysis",Hamilton Computer Lab,
Generalised Linear Models,Julia,Schroeder,Lectures + Exercises,Linear mixed models,2020-01-16,13:30,2,Linear mixed models,Hamilton Computer Lab,
Social Research Methods ,Ans,Vercammen,Lecture + Exercises,Quantitative techniques,2020-01-16,10:00,3,,Darwin,
Social Research Methods ,Ans,Vercammen,Lecture + Exercises,Quantitative techniques,2020-01-16,14:00,3,,Darwin,
Generalised Linear Models,Julia,Schroeder,Lectures + Exercises,Practise analyses,2020-01-17,13:30,2,Practise analyses,Hamilton Computer Lab,
Social Research Methods ,Matthew ,Agarwala,Lecture + Exercises,Economic valuation of natural resources,2020-01-17,10:00,3,,Darwin,
Social Research Methods ,Matthew ,Agarwala,Lecture + Exercises,Economic valuation of natural resources,2020-01-17,14:00,3,,Darwin,
Social Research Methods ,Matthew ,Agarwala,Lecture + Exercises,Economic valuation of natural resources,2020-01-17,14:00,3,,Darwin,
Advanced Statistics,Josh,Hodge,Lecture,Introduction to Multivariate Statistics ,2020-01-20,10:00,2,,Haldane,
Advanced Statistics,Josh,Hodge,Practical,Hotellings and MANOVA in R,2020-01-20,14:00,3,,Hamilton Computer Lab,
Ecological Research Methods,Marcus,Rowcliffe,Lecture + Exercises,Population monitoring methods,2020-01-20,10:00,3,,Darwin,
Ecological Research Methods,Marcus,Rowcliffe,Lecture + Exercises,Population monitoring methods,2020-01-20,14:00,3,,Darwin,
Environmental microbiology 1,Tom,Bell,Lecture,Overview of past results from Silwood Park ,2020-01-20,11:00,1,,Darwin,
Environmental microbiology 1,Tom,Bell,Field Lab,Terrestrial sampling ,2020-01-20,14:00,3,,Silwood field and Hamilton Field Lab,
Maths for Biology,Alberto,Pascual-Garcia,Lecture,Lecture,2020-01-20,10:00,1,,Wallace,
Maths for Biology,Alberto,Pascual-Garcia,Lecture,Lecture,2020-01-20,11:30,1,,Wallace,
Maths for Biology,Alberto,Pascual-Garcia,Practical,Practical,2020-01-20,14:00,3,,Wallace,
Advanced Statistics,Josh,Hodge,Lecture,Ordination and Principal Components Analysis ,2020-01-21,10:00,2,,Haldane,
Advanced Statistics,Josh,Hodge,Practical,Principal Components Analysis in R,2020-01-21,14:00,3,,Hamilton Computer Lab,
Ecological Research Methods,Marcus,Rowcliffe,Lecture + Exercises,Population monitoring methods,2020-01-21,10:00,3,,Darwin,
Ecological Research Methods,Malcom,Nicoll,Lecture + Exercises,Wildlife telemetry and movement,2020-01-21,14:00,3,,Darwin,
Environmental microbiology 1,Tom,Bell,Field Lab,Sterile technique and planting ,2020-01-21,10:00,1.5,,Silwood field and Hamilton Field Lab,
Environmental microbiology 1,Tom,Bell,Field Lab,Aquatic field sampling ,2020-01-21,14:00,3,,Silwood field and Hamilton Field Lab,
Maths for Biology,Alberto,Pascual-Garcia,Lecture,Lecture,2020-01-21,10:00,1,,Wallace,
Maths for Biology,Alberto,Pascual-Garcia,Lecture,Lecture,2020-01-21,11:30,1,,Wallace,
Maths for Biology,Alberto,Pascual-Garcia,Practical,Practical,2020-01-21,14:00,3,,Wallace,
Advanced Statistics,Josh,Hodge,Workshop,Journal Club- Multivariate Statistics in Ecological Papers,2020-01-22,10:00,2,,Hamilton Computer Lab,
Determining Effectiveness,Martin,Reynolds,Lecture + Exercises,Systems thinking in practice,2020-01-22,10:00,3,,Darwin,
Environmental microbiology 1,Tom,Bell,Lecture,Introduction to bacterial surveys,2020-01-22,10:00,1,,Darwin,
Environmental microbiology 1,Tom,Bell,Field Lab,DNA extraction from environmental samples,2020-01-22,11:00,2,,Silwood field and Hamilton Field Lab,
Graduate School Workshops,Janet,De Wilde,Workshop,Professional Skills Development Programme,2020-01-22,13:00,4,A separate timetable will be provided,Fisher/Haldane/Wallace/CPB Seminar Room,
Maths for Biology,Alberto,Pascual-Garcia,Lecture,Lecture,2020-01-22,10:00,1,,Wallace,
Maths for Biology,Alberto,Pascual-Garcia,Lecture,Lecture,2020-01-22,11:30,1,,Wallace,
Phylogenetic reconstruction,Ian,Kitching,Lecture,"CI, RI and character weighting",2020-01-22,10:00,1,,NHM,
Phylogenetic reconstruction,David ,Williams,Lecture,Consensus methids and total evidence,2020-01-22,11:15,1,,NHM,
Phylogenetic reconstruction,Ian,Kitching,Lecture,Tree support statistics,2020-01-22,13:15,1,,NHM,
Advanced Statistics,Samraat,Pawar,Lecture,Non-linear models in Ecology and Evolution,2020-01-23,10:00,1,Fitting nonlinear models to data,Haldane,
Advanced Statistics,Samraat,Pawar,Lecture+Examples,Non-linear least squares fitting methods using R,2020-01-23,11:00,1,Fitting nonlinear models to data short exercises,Hamilton Computer Lab,
Advanced Statistics,Samraat,Pawar,Practical,Non-linear least squares fitting methods using R,2020-01-23,14:00,3,Fitting nonlinear models to data - working out examples,Hamilton Computer Lab,
Ecological Research Methods,Kat,Bunce,Lecture+Examples,Molecular methods in conservation,2020-01-23,11:00,3,,Darwin,
Ecological Research Methods,Marcus,Rowcliffe,Lecture + Exercises,Population monitoring methods,2020-01-23,14:00,3,,Darwin,
Environmental microbiology 1,Tom,Bell,Field Lab,PCR of extracted DNA ,2020-01-23,10:00,1.5,,Silwood field and Hamilton Field Lab,
Environmental microbiology 1,Tom,Bell,Lecture,Applied Ecology Presentations,2020-01-30,13:00,1,,Darwin,
Environmental microbiology 1,Tom,Bell,Field Lab,"Gel electrophoresis, DNA purification and quantification ",2020-01-23,15:00,3,,Silwood field and Hamilton Field Lab,
Maths for Biology,Alberto,Pascual-Garcia,Lecture,Lecture,2020-01-23,11:30,1,,Wallace,
Maths for Biology,Samraat,Pawar,Practical,Practical,2020-01-23,14:00,1,,Wallace,
Maths for Biology,Alberto,Pascual-Garcia,Practical,Practical,2020-01-23,14:00,3,,Wallace,
Advanced Statistics,Julia,Schroeder,Lecture,"Ageing wild populations, and cross-sectional vs longitudinal analyses",2020-01-24,09:30,1.5,What are cross-sectional datasets and what are the associated problems?,Haldane,
Advanced Statistics,Julia,Schroeder,Lecture,Longitudinal and cross-sectional analysis,2020-01-24,11:00,0.5,Distinguishing longitudinal approaches from cross-sectional ones,Haldane,
Advanced Statistics,Julia,Schroeder,Practical,Longitudinal and cross-sectional analysis in R,2020-01-24,14:00,2,Hands on,Hamilton Computer Lab,
Ecological Research Methods,Marcus,Rowcliffe,Practical,Population viability analysis,2020-01-24,10:00,3,,Computer room,
Ecological Research Methods,Marcus,Rowcliffe,Practical,Population viability analysis,2020-01-24,14:00,3,,Darwin,
Environmental microbiology 1,Tom,Bell,Field Lab,Colony picking and growth curves ,2020-01-24,10:00,2,,Silwood field and Hamilton Field Lab,
Environmental microbiology 1,Tom,Bell,Field Lab,Functional assays ,2020-01-24,14:00,3,,Silwood field and Hamilton Field Lab,
Maths for Biology,Alberto,Pascual-Garcia,Lecture,Lecture,2020-01-24,10:00,1,,Wallace,
Maths for Biology,Alberto,Pascual-Garcia,Lecture,Lecture,2020-01-24,11:30,1,,Wallace,
Maths for Biology,Alberto,Pascual-Garcia,Practical,Practical,2020-01-24,14:00,3,,Wallace,
Case Studies: Protected Areas,Andrew,Knight,Lecture,Case Studies: Protected Areas,2020-01-27,10:00,3,,Darwin,
Case Studies: Protected Areas,Andrew,Knight,Lecture,Case Studies: Protected Areas,2020-01-27,13:00,3,,Darwin,
Environmental microbiology 2,Tom,Bell,Field Lab,Colony picking and growth curves ,2020-01-27,10:00,2,,Silwood field and Hamilton Field Lab,
Environmental microbiology 2,Tom,Bell,Field Lab,Antibiotic resistance in the environment (Lab,2020-01-27,14:00,3,,Silwood field and Hamilton Field Lab,
Maths for Biology,Alberto,Pascual-Garcia,Lecture,Lecture,2020-01-27,10:00,1,,Wallace,
Maths for Biology,Alberto,Pascual-Garcia,Lecture,Lecture,2020-01-27,11:30,1,,Wallace,
Maths for Biology,Alberto,Pascual-Garcia,Practical,Practical,2020-01-27,14:00,3,,Wallace,
Population ecology and quantiative genetics,Julia,Schroeder,Lecture,Demography,2020-01-27,10:00,2,,Haldane,
Population ecology and quantiative genetics,Julia,Schroeder,Practical,Demography,2020-01-27,13:30,2,,Hamilton Computer Lab,
Project planning,Rob,Ewers,Computer Practical,Data collection forms,2020-01-27,09:30,3,Develop and trial Epicollect forms,Seminar Room 2,
Project planning,Rob,Ewers,Computer Practical,Project management structure,2020-01-27,13:30,3,"Zoho forms: milestones, tasklists and tasks",Seminar Room 2,
Threats,Marcus,Rowcliffe,Lecture + Exercises,Bushmeat,2020-01-27,10:00,3,,Darwin,
Threats,Marcus,Rowcliffe,Lecture + Exercises,Bushmeat,2020-01-27,14:00,3,,Darwin,
Case Studies: Protected Areas,Andrew,Knight,Lecture,Case Studies: Protected Areas,2020-01-28,10:00,3,,Darwin,
Case Studies: Protected Areas,Andrew,Knight,Lecture,Case Studies: Protected Areas,2020-01-28,13:00,3,,Darwin,
Environmental microbiology 2,Tom,Bell,Lecture,Biodiversity and ecosystem functioning in microbial communities (Lecture),2020-01-28,10:00,2,,Darwin,
Environmental microbiology 2,Tom,Bell,Computer Lab,Data analysis workflow (Computer Lab),2020-01-28,14:00,2,,Seminar Room 2,
Maths for Biology,Alberto,Pascual-Garcia,Lecture,Lecture,2020-01-28,10:00,1,,Wallace,
Maths for Biology,Alberto,Pascual-Garcia,Lecture,Lecture,2020-01-28,11:30,1,,Wallace,
Maths for Biology,Alberto,Pascual-Garcia,Practical,Practical,2020-01-28,14:00,3,,Wallace,
Population ecology and quantiative genetics,Julia,Schroeder,Lectures,Life history theory and fitness,2020-01-28,09:30,1.5,,Haldane,
Population ecology and quantiative genetics,Julia,Schroeder,Practical,Repeatability,2020-01-28,13:30,1.5,,Hamilton Computer Lab,
Threats,Andrew,Knight,Lecture + Exercises,The theory and practice of collaboration,2020-01-28,10:00,3,,Darwin,
Threats,Martin,Fisher,Lecture + Exercises,Publishing in Conservation,2020-01-28,14:00,3,,Darwin,
Case Studies: Protected Areas,Andrew,Knight,Lecture,Case Studies: Protected Areas,2020-01-29,10:00,3,,Darwin,
Environmental microbiology 2,Tom,Bell,Field Lab,Readings from functional/antibiotic assays,2020-01-29,10:00,2,,Silwood field and Hamilton Field Lab,
Maths for Biology,Alberto,Pascual-Garcia,Lecture,Lecture,2020-01-29,10:00,1,,Wallace,
Maths for Biology,Alberto,Pascual-Garcia,Lecture,Lecture,2020-01-29,11:30,1,,Wallace,
Population ecology and quantiative genetics,Julia,Schroeder,Lecture,Introduction to Miniprojects,2020-01-29,09:30,1,,Haldane,
Project preparation,,,Independent,Project preparation,2020-01-29,10:00,3,,,
Case Studies: Protected Areas,Andrew,Knight,Lecture,Case Studies: Protected Areas,2020-01-30,10:00,3,,Darwin,
Case Studies: Protected Areas,Andrew,Knight,Lecture,Case Studies: Protected Areas,2020-01-30,13:00,3,,Darwin,
Environmental microbiology 2,Tom,Bell,Computer Lab,Data analysis and presentation preparation (Computer Lab),2020-01-30,10:00,7,,Seminar Room 2,
Maths for Biology,Alberto,Pascual-Garcia,Lecture,Lecture,2020-01-30,10:00,1,,Wallace,
Maths for Biology,Alberto,Pascual-Garcia,Lecture,Lecture,2020-01-30,11:30,1,,Wallace,
Maths for Biology,Alberto,Pascual-Garcia,Practical,Practical,2020-01-30,14:00,3,,Wallace,
Population ecology and quantiative genetics,Julia,Schroeder,Lecture,Quantitative genetics ,2020-01-30,10:00,2,,Haldane,
Population ecology and quantiative genetics,Julia,Schroeder,Practical,Animal models,2020-01-30,14:00,2,,Hamilton Computer Lab,
Threats,Andrew,Knight,Lecture + Exercises,Partnership building practical,2020-01-30,10:00,3,,Darwin,
Threats,Andrew,Knight,Lecture + Exercises,Working with citizen scientists,2020-01-30,14:00,3,,Darwin,
Case Studies: Protected Areas,Andrew,Knight,Lecture,Case Studies: Protected Areas,2020-01-31,10:00,3,,Darwin,
Case Studies: Protected Areas,Andrew,Knight,Lecture,Case Studies: Protected Areas,2020-01-31,10:00,3,,Darwin,
Environmental microbiology 2,Tom,Bell,Discussion,Presentation of results,2020-01-31,10:00,2,,Darwin,
Environmental microbiology 2,Tom,Bell,Discussion,Presentation of results continued (if required),2020-01-31,14:00,3,,Darwin,
Maths for Biology,Alberto,Pascual-Garcia,Lecture,Lecture,2020-01-31,10:00,1,,Wallace,
Maths for Biology,Alberto,Pascual-Garcia,Lecture,Lecture,2020-01-31,11:30,1,,Wallace,
Maths for Biology,Alberto,Pascual-Garcia,Practical,Practical,2020-01-31,14:00,3,,Wallace,
Population ecology and quantiative genetics,Julia,Schroeder,Lecture,Quantitative genetics  ,2020-01-31,10:00,1.5,,Haldane,
Population ecology and quantiative genetics,Julia,Schroeder,Practical,Selection gradients,2020-01-31,13:30,2,,Hamilton Computer Lab,
Project planning,Rob,Ewers,Computer Practical,Drop-in session,2020-01-31,13:00,3,,Seminar Room 2,
Threats,Colin,Prentice,Lecture + Exercises,Species response to climate change,2020-01-31,10:00,3,,Darwin,
Threats,Karen,Varnham,Lecture,Rats,2020-01-31,14:00,3,,Darwin,
Agroecology,Lauren,Cator,Lecture,Introduction,2020-02-03,09:30,0.5,,,
Agroecology,Richard,Gill,Lecture,Hypotheses: What makes a good one?,2020-02-03,10:15,1.5,,,
Agroecology,Richard,Gill,Field Practical,Raising Hypotheses and Grant Pitches,2020-02-03,14:00,2,,,
Behavioural Ecology,Lauren,Cator,Lecture,Introduction,2020-02-03,09:30,0.5,,,
Behavioural Ecology,Richard,Gill,Lecture,Hypotheses: What makes a good one?,2020-02-03,10:15,1.5,,,
Behavioural Ecology,Richard,Gill,Field Practical,Raising Hypotheses and Grant Pitches,2020-02-03,14:00,2,,,
Ecological Modelling,Vincent,Jansen,Lecture,Lecture,2020-02-03,10:00,1,,Wallace,
Ecological Modelling,Vincent,Jansen,Lecture,Lecture,2020-02-03,11:30,1,,Wallace,
Ecological Modelling,Vincent,Jansen,Practical,Practical,2020-02-03,14:00,3,,Wallace,
Economics in Conservation,Andrew,Knight,Lecture,Economics in Conservation,2020-02-03,10:00,3,,Darwin,
Economics in Conservation,Andrew,Knight,Lecture,Economics in Conservation,2020-02-03,13:00,3,,Darwin,
Evolutionary and community ecology,Joe,Tobias,Lecture,Speciation and diversification,2020-02-03,10:00,2,Overview of course structure and basic concepts; mechanisms of speciation and reproductive isolation,Haldane,
Evolutionary and community ecology,Joe,Tobias,Lecture,Spatial and temporal gradients in biodiversity,2020-02-03,14:00,2,Understanding patterns of biodiversity over space and time; and the assembly of species into communities,Haldane,
Surrey Wildlife Group Project,Tim,Barraclough,Fieldwork,Chobham common group project,2020-02-03,10:00,7,,,
Threats,Charlie,Burrell,Lecture + Exercises,Rewilding,2020-02-03,10:00,3,,Darwin,
Threats,Stefan,Hoyle,Lecture + Exercises,Introduction to Fieldwork Risk Assessment,2020-02-03,14:00,3,,Darwin,
Tropical field course,Rob,Ewers,Field practical,Assemble in Tawau,2020-02-03,08:00,10.0,,Malaysia,
Ecological Modelling,Vincent,Jansen,Lecture,Lecture,2020-02-04,10:00,1,,Wallace,
Ecological Modelling,Vincent,Jansen,Lecture,Lecture,2020-02-04,11:30,1,,Wallace,
Ecological Modelling,Vincent,Jansen,Practical,Practical,2020-02-04,14:00,3,,Wallace,
Economics in Conservation,Andrew,Knight,Lecture,Economics in Conservation,2020-02-04,10:00,3,,Darwin,
Economics in Conservation,Andrew,Knight,Lecture,Economics in Conservation,2020-02-04,13:00,3,,Darwin,
Evolutionary and community ecology,Joe,Tobias,Lecture,Species interactions,2020-02-04,10:00,2,"Competitive interactions between species, focusing on evolutionary mechanisms of divergence and convergence, as well as competitive exclusion",Haldane,
Evolutionary and community ecology,Joe,Tobias,Lecture,Gradients in ecology and evolution,2020-02-04,14:00,2,"Understanding broad-scale spatial patterns in phenotypic evolution, life history, behaviour",Haldane,
Surrey Wildlife Group Project,Tim,Barraclough,Fieldwork,Chobham common group project,2020-02-04,10:00,7,,,
Threats,John,Mumford,Lecture + Exercises,Risks from unintentionally released organisms,2020-02-04,10:00,3,,Darwin,
Threats,John,Mumford,Lecture + Exercises,Risks from unintentionally released organisms,2020-02-04,10:00,3,,Darwin,
Tropical field course,Rob,Ewers,Field practical,Transit to SAFE,2020-02-04,08:00,10,,Malaysia,
Ecological Modelling,Vincent,Jansen,Lecture,Lecture,2020-02-05,10:00,1,,Wallace,
Ecological Modelling,Vincent,Jansen,Lecture,Lecture,2020-02-05,11:30,1,,Wallace,
Economics in Conservation,Andrew,Knight,Lecture,Economics in Conservation,2020-02-05,10:00,3,,Darwin,
Evolutionary and community ecology,Joe,Tobias,Practical,Community assembly: pattern and process,2020-02-05,10:00,2,Workshop: You will work in groups to generate and propose tests for hypotheses about the effect of interspecific competition on biodiversity in terms of species and their traits,Haldane,
Project preparation,,,Independent,Project preparation,2020-02-05,10:00,3,,,
Surrey Wildlife Group Project,Tim,Barraclough,Fieldwork,Chobham common group project,2020-02-05,10:00,3,,,
Tropical field course,Rob,Ewers,Field practical,Project work,2020-02-05,08:00,10,,Malaysia,
Ecological Modelling,Vincent,Jansen,Lecture,Lecture,2020-02-06,10:00,1,,Wallace,
Ecological Modelling,Vincent,Jansen,Lecture,Lecture,2020-02-06,11:30,1,,Wallace,
Ecological Modelling,Vincent,Jansen,Practical,Practical,2020-02-06,14:00,3,,Wallace,
Economics in Conservation,Andrew,Knight,Lecture,Economics in Conservation,2020-02-06,10:00,3,,Darwin,
Economics in Conservation,Andrew,Knight,Lecture,Economics in Conservation,2020-02-06,13:00,3,,Darwin,
Evolutionary and community ecology,Joe,Tobias,Lecture,Biodiversity and ecosystem function,2020-02-06,10:00,2,A review of Biodiversity-Ecosystem Function relationships and the importance of mutualistic and antagonistic interaction networks in regulating ecosystem function,Haldane,
Evolutionary and community ecology,Joe,Tobias,Practical,Exam technique workshop,2020-02-06,14:00,2,Workshop: you will answer an exam question and mark each other's work using the MSc marking criteria; followed by Q\&A session,Haldane,
Surrey Wildlife Group Project,Tim,Barraclough,Fieldwork,Chobham common group project,2020-02-06,10:00,7,,,
Threats,TBD,TBD,Lecture + Exercises,TBD,2020-02-06,10:00,3,,Darwin,
Threats,TBD,TBD,Lecture + Exercises,TBD,2020-02-06,14:00,3,,Darwin,
Tropical field course,Rob,Ewers,Field practical,Project work,2020-02-06,08:00,10,,Malaysia,
Ecological Modelling,Vincent,Jansen,Lecture,Lecture,2020-02-07,10:00,1,,Wallace,
Ecological Modelling,Vincent,Jansen,Lecture,Lecture,2020-02-07,11:30,1,,Wallace,
Ecological Modelling,Vincent,Jansen,Practical,Practical,2020-02-07,14:00,3,,Wallace,
Economics in Conservation,Andrew,Knight,Lecture,Economics in Conservation,2020-02-07,10:00,3,,Darwin,
Economics in Conservation,Andrew,Knight,Lecture,Economics in Conservation,2020-02-07,13:00,3,,Darwin,
Evolutionary and community ecology,Joe,Tobias,Lecture,Threats to ecosystem processes and services,2020-02-07,10:00,2,We will explore and discuss how current and future environmental changes are likely to effect biodiversity and associated ecosystem processes,Haldane,
Evolutionary and community ecology,Joe,Tobias,Lecture,The preservation of process,2020-02-07,14:00,2,"Drawing from previous components, we will examine how conservation strategies can be developed to preserve the long-term processes underpinning ecosystems and their vital functions",Haldane,
Surrey Wildlife Group Project,Tim,Barraclough,Fieldwork,Chobham common group project,2020-02-07,10:00,7,,,
Threats,TBD,TBD,Lecture + Exercises,TBD,2020-02-07,10:00,3,,Darwin,
Threats,Ruth,Cromie,Lecture + Exercises,"Lead ammunition: poisoning, politics and people",2020-02-07,14:00,3,,Darwin,
Tropical field course,Rob,Ewers,Field practical,Project work,2020-02-07,08:00,10,,Malaysia,
Tropical field course,Rob,Ewers,Field practical,Project work,2020-02-08,08:00,10,,Malaysia,
Tropical field course,Rob,Ewers,Field practical,Project work,2020-02-09,08:00,10,,Malaysia,
Maximum Likelihood Methods,Tin-Yu,Hui,Lecture,Background probability theory,2020-02-10,10:00,1,Common discrete/continuous random variables. Probability mass/density functions. Expectation of random variables. Central limit theorem.,Wallace,
Maximum Likelihood Methods,Tin-Yu,Hui,Lecture,Background probability theory (Contd.),2020-02-10,11:30,1,,Wallace,
Maximum Likelihood Methods,Tin-Yu,Hui,Lecture+Practicals,Background probability theory (Contd.),2020-02-10,14:00,3,,Wallace,
Miniprojects,Julia,Schroeder,Project,Individual work on projects,2020-02-10,,6,Work time,,
Surrey Wildlife Group Project,Tim,Barraclough,Fieldwork,Chobham common group project,2020-02-10,10:00,7,,,
Tropical field course,Rob,Ewers,Field practical,Project work,2020-02-10,08:00,10,,Malaysia,
Urban Conservation,Jonathan, Reeves,Lecture + Exercises,Does the enviornment help human wellbeing?,2020-02-10,10:00,3,,WTC,
Urban Conservation,Jonathan, Reeves,Lecture + Exercises,Does the enviornment help human wellbeing?,2020-02-10,14:00,3,,WTC,
Maximum Likelihood Methods,Tin-Yu,Hui,Lecture,Probability and Likelihoods,2020-02-11,10:00,1,Multivariate random variables. Definition of a likelihood function. Maximisation in R.,Wallace,
Maximum Likelihood Methods,Tin-Yu,Hui,Lecture,Probability and Likelihoods (Contd.),2020-02-11,11:30,1,,Wallace,
Maximum Likelihood Methods,Tin-Yu,Hui,Lecture+Practicals,Probability and Likelihoods (Contd.),2020-02-11,14:00,3,,Wallace,
Miniprojects,Julia,Schroeder,Project,Individual work on projects,2020-02-11,,6,Work time,,
Surrey Wildlife Group Project,Tim,Barraclough,Fieldwork,Chobham common group project,2020-02-11,10:00,7,,,
Tropical field course,Rob,Ewers,Field practical,Project work,2020-02-11,08:00,10,,Malaysia,
Urban Conservation,Hannah,Gilchrist,Lecture + Exercises,Entrepreneuship in Marine Conservation,2020-02-11,10:00,3,,South Kensington,
Urban Conservation,Poppy,Fraser,Lecture + Exercises,OPAL: Citizen science,2020-02-11,14:00,3,,South Kensington,
Maximum Likelihood Methods,Tin-Yu,Hui,Lecture,Properties of maximum likelihood estimators,2020-02-12,10:00,1,,Wallace,
Maximum Likelihood Methods,Tin-Yu,Hui,Lecture,Properties of maximum likelihood estimators (Contd.),2020-02-12,11:30,1,,Wallace,
Miniprojects,Julia,Schroeder,Project,Individual work on projects,2020-02-12,,6,Work time,,
Project preparation,,,Independent,Project preparation,2020-02-12,10:00,3,,,
Surrey Wildlife Group Project,Tim,Barraclough,Fieldwork,Chobham common group project,2020-02-12,10:00,3,,,
Tropical field course,Rob,Ewers,Field practical,Project work,2020-02-12,08:00,10,,Malaysia,
Maximum Likelihood Methods,Tin-Yu,Hui,Lecture,Likelihood-ratio test,2020-02-13,10:00,1,,Wallace,
Maximum Likelihood Methods,Tin-Yu,Hui,Lecture,Confidence interval estimation,2020-02-13,11:30,1,,Wallace,
Maximum Likelihood Methods,Tin-Yu,Hui,Lecture+Practicals,"Likelihood-ratio test and Confidence interval
estimation",2020-02-13,14:00,3,,Wallace,
Miniprojects,Julia,Schroeder,Project,Individual work on projects,2020-02-13,,6,Work time,,
Surrey Wildlife Group Project,Tim,Barraclough,Fieldwork,Chobham common group project,2020-02-13,10:00,7,,,
Tropical field course,Rob,Ewers,Field practical,Project work,2020-02-13,08:00,10,,Malaysia,
Urban Conservation,Steve,Fry,Lecture + Exercises,Protected area management,2020-02-13,10:00,3,,Chobham Commons,
Urban Conservation,Steve,Fry,Lecture + Exercises,Protected area management,2020-02-13,14:00,3,,Chobham Commons,
Maximum Likelihood Methods,Tin-Yu,Hui,Practicals,MLE examples,2020-02-14,10:00,1,,Wallace,
Maximum Likelihood Methods,Tin-Yu,Hui,Practicals,MLE examples,2020-02-14,11:30,1,,Wallace,
Maximum Likelihood Methods,Tin-Yu,Hui,Practicals,MLE examples,2020-02-14,14:00,3,,Wallace,
Miniprojects,Julia,Schroeder,Project,Individual work on projects,2020-02-14,,6,Work time,,
Surrey Wildlife Group Project,Tim,Barraclough,Fieldwork,Chobham common group project,2020-02-14,10:00,7,,,
Tropical field course,Rob,Ewers,Field practical,Transit to Maliau,2020-02-14,08:00,10,,Malaysia,
Urban Conservation,Steve ,Fry,Lecture + Exercises,Protected area management,2020-02-14,10:00,3,,Chobham Commons,
Urban Conservation,Steve,Fry,Lecture + Exercises,Protected area management,2020-02-14,14:00,3,,Chobham Commons,
Tropical field course,Rob,Ewers,Field practical,Project work,2020-02-15,08:00,10,,Malaysia,
Tropical field course,Rob,Ewers,Field practical,Project work,2020-02-16,08:00,10,,Malaysia,
Bayesian Methods,Matteo,Fumagalli,Lecture,Lecture,2020-02-17,10:00,1,,Wallace,
Bayesian Methods,Matteo,Fumagalli,Lecture,Lecture,2020-02-17,11:30,1,,Wallace,
Bayesian Methods,Matteo,Fumagalli,Practical,Practical  ,2020-02-17,14:00,3,,Wallace,
Kew Gardens and Plant Conservation,Colin,Clubbe,Lecture + Exercises,The Global Strategy for Plant Conservation,2020-02-17,10:00,3,,Kew Gardens,
Kew Gardens and Plant Conservation,TBD,TBD,Lecture + Exercises,The role of the herbarium in conservation ,2020-02-17,14:00,3,,Kew Gardens,
Miniprojects,Julia,Schroeder,Project,Individual work on projects,2020-02-17,,6,Work time,,
Surrey Wildlife Group Project,Tim,Barraclough,Fieldwork,Chobham common group project,2020-02-17,10:00,7,,,
Tropical field course,Rob,Ewers,Field practical,Project work,2020-02-17,08:00,10,,Malaysia,
Bayesian Methods,Matteo,Fumagalli,Lecture,Lecture,2020-02-18,10:00,1,,Wallace,
Bayesian Methods,Matteo,Fumagalli,Lecture,Lecture,2020-02-18,11:30,1,,Wallace,
Bayesian Methods,Matteo,Fumagalli,Practical,Practical,2020-02-18,14:00,3,,Wallace,
Kew Gardens and Plant Conservation,M,H,Lecture + Exercises,The role of horticulture in conservation,2020-02-18,10:00,3,,Kew Gardens,
Kew Gardens and Plant Conservation,S,C,Lecture + Exercises,Plant conservation in Madagascar and Brazil,2020-02-18,14:00,3,,Kew Gardens,
Miniprojects,Julia,Schroeder,Project,Individual work on projects,2020-02-18,,6,Work time,,
Surrey Wildlife Group Project,Tim,Barraclough,Fieldwork,Chobham common group project,2020-02-18,10:00,7,,,
Tropical field course,Rob,Ewers,Field practical,Project work,2020-02-18,08:00,10,,Malaysia,
Bayesian Methods,Matteo,Fumagalli,Lecture,Lecture,2020-02-19,10:00,1,,Wallace,
Bayesian Methods,Matteo,Fumagalli,Lecture,Lecture,2020-02-19,11:30,1,,Wallace,
Kew Gardens and Plant Conservation,,,Fieldtrip,Wakehurst place,2020-02-19,10:00,6,,Wakehurst place,
Miniprojects,Julia,Schroeder,Project,Individual work on projects,2020-02-19,,6,Work time,,
Surrey Wildlife Group Project,Tim,Barraclough,Fieldwork,Chobham common group project,2020-02-19,10:00,3,,,
Tropical field course,Rob,Ewers,Field practical,Project work,2020-02-19,08:00,10,,Malaysia,
Bayesian Methods,Matteo,Fumagalli,Lecture,Lecture,2020-02-20,10:00,1,,Wallace,
Bayesian Methods,Matteo,Fumagalli,Lecture,Lecture,2020-02-20,11:30,1,,Wallace,
Bayesian Methods,Matteo,Fumagalli,Practical,Practical,2020-02-20,14:00,3,,Wallace,
Kew Gardens and Plant Conservation,S,B,Lecture + Exercises,The Sampled Red List for Plant,2020-02-20,10:00,3,,Kew Gardens,
Kew Gardens and Plant Conservation,M,N,Lecture + Exercises,Using the Economic Botany Collections,2020-02-20,14:00,3,,Kew Gardens,
Miniprojects,Julia,Schroeder,Project,Individual work on projects,2020-02-20,,6,Work time,,
Surrey Wildlife Group Project,Tim,Barraclough,Fieldwork,Chobham common group project,2020-02-20,10:00,7,,,
Tropical field course,Rob,Ewers,Field practical,Project work,2020-02-20,08:00,10,,Malaysia,
Bayesian Methods,Matteo,Fumagalli,Lecture,Lecture,2020-02-21,10:00,1,,Wallace,
Bayesian Methods,Matteo,Fumagalli,Lecture,Lecture,2020-02-21,11:30,1,,Wallace,
Bayesian Methods,Matteo,Fumagalli,Practical,Practical,2020-02-21,14:00,3,,Wallace,
Kew Gardens and Plant Conservation,R,C,Lecture + Exercises,Conservation genetics and plants,2020-02-21,10:00,3,,Kew Gardens,
Kew Gardens and Plant Conservation,Colin,Clubbe,Lecture + Exercises,Seminar & feedback session,2020-02-21,14:00,3,,Kew Gardens,
Miniprojects,Julia,Schroeder,Project,Miniproject symposium,2020-02-21,09:00,6,Work time,Fisher,
Surrey Wildlife Group Project,Tim,Barraclough,Fieldwork,Chobham common group project,2020-02-21,10:00,7,,,
Tropical field course,Rob,Ewers,Field practical,Transit to Tawau,2020-02-21,08:00,10,,Malaysia,
Actions,,,Independent,FREE,2020-02-24,10:00,7,,,
Case Studies: Exploitation,Marcus,Rowcliffe,Lecture,Case Studies: Exploitation,2020-02-24,10:00,3,,Darwin,
Case Studies: Exploitation,Marcus,Rowcliffe,Lecture,Case Studies: Exploitation,2020-02-24,13:00,3,,Darwin,
Ecology and Global Change,Colin,Prentice,Lecture,"Climate change: past, present and future",2020-02-24,10:00,1,,Haldane,
Ecology and Global Change,Colin,Prentice,Lecture,"Climate, CO2 and plants",2020-02-24,11:30,1,,Haldane,
Ecology and Global Change,Colin,Prentice,Lecture,Impacts of future climate change on ecosystems and biodiversity,2020-02-24,14:00,1,,Haldane,
Evolutionary Modelling,Tim,Barraclough,Lecture,Lecture,2020-02-24,10:00,1,,Wallace,
Evolutionary Modelling,Tim,Barraclough,Lecture,Lecture,2020-02-24,11:30,1,,Wallace,
Evolutionary Modelling,Tim,Barraclough,Practical,Practical  ,2020-02-24,14:00,3,,Wallace,
Surrey Wildlife Group Project,Tim,Barraclough,Fieldwork,Chobham common group project,2020-02-24,10:00,7,,,
Actions,,,Independent,FREE,2020-02-25,10:00,7,,,
Case Studies: Exploitation,Marcus,Rowcliffe,Lecture,Case Studies: Exploitation,2020-02-25,10:00,3,,Darwin,
Case Studies: Exploitation,Marcus,Rowcliffe,Lecture,Case Studies: Exploitation,2020-02-25,13:00,3,,Darwin,
Ecology and Global Change,Guy,Woodward,Lecture,Gene-to-ecosystem Impacts of Global Agricultural and Land-Use Change,2020-02-25,10:00,1,,Haldane,
Ecology and Global Change,Guy,Woodward,Lecture,Global Warming in Aquatic Ecosystems,2020-02-25,11:30,1,,Haldane,
Ecology and Global Change,Guy,Woodward,Lecture,Impacts of Extreme Events on Ecosystems,2020-02-25,14:00,1,,Haldane,
Ecology and Global Change,Guy,Woodward,Lecture,Global Change in the World's Oceans,2020-02-25,15:30,1,,Haldane,
Evolutionary Modelling,Tim,Barraclough,Lecture,Lecture,2020-02-25,10:00,1,,Wallace,
Evolutionary Modelling,Tim,Barraclough,Lecture,Lecture,2020-02-25,11:30,1,,Wallace,
Evolutionary Modelling,Tim,Barraclough,Lecture,Lecture,2020-02-25,14:00,3,,Wallace,
Surrey Wildlife Group Project,Tim,Barraclough,Fieldwork,Chobham common group project,2020-02-25,10:00,7,,,
Actions,,,Independent,FREE,2020-02-26,10:00,7,,,
Case Studies: Exploitation,Marcus,Rowcliffe,Lecture,Case Studies: Exploitation,2020-02-26,10:00,3,,Darwin,
Ecology and Global Change,Guy,Woodward,Practicals,Field experiments and designing future global change research,2020-02-26,10:00,7,,,
Evolutionary Modelling,Tin-Yu,Hui,Lecture,Lecture,2020-02-26,10:00,1,,Wallace,
Evolutionary Modelling,Tin-Yu,Hui,Lecture,Lecture,2020-02-26,11:30,1,,Wallace,
Surrey Wildlife Group Project,Tim,Barraclough,Fieldwork,Chobham common group project,2020-02-26,10:00,3,,,
Planning research projects,,,Practical,TFE - OH visit to SK,2019-02-12,07:30,8,"Bus will leave from Silwood at 07:30, and depart from SK at 14:00",,
Actions,TBD,TBD,Lecture + Exercises,TBD,2020-02-27,10:00,3,,Darwin,
Actions,Andrew Knight,Lloyd,Lecture + Exercises,Privately Protected Areas,2020-02-27,14:00,3,,Darwin,
Case Studies: Exploitation,Marcus,Rowcliffe,Lecture,Case Studies: Exploitation,2020-02-27,10:00,3,,Darwin,
Case Studies: Exploitation,Marcus,Rowcliffe,Lecture,Case Studies: Exploitation,2020-02-27,13:00,3,,Darwin,
Ecology and Global Change,Guy,Woodward,Lecture,Invasive Species,2020-02-27,10:00,1,,Haldane,
Ecology and Global Change,Guy,woodward,Lecture,Multistressors and Ecological Surprises,2020-02-27,11:00,1,,Haldane,
Ecology and Global Change,Guy,Woodward,Practicals,Outline of practical exercises,2020-02-27,15:30,1,,Haldane,
Evolutionary Modelling,Tin-Yu,Hui,Lecture,Lecture,2020-02-27,10:00,1,,Wallace,
Evolutionary Modelling,Tin-Yu,Hui,Lecture,Lecture,2020-02-27,11:30,1,,Wallace,
Evolutionary Modelling,Tin-Yu,Hui,Practical,Practical,2020-02-27,14:00,3,,Wallace,
Surrey Wildlife Group Project,Tim,Barraclough,Fieldwork,Chobham common group project,2020-02-27,10:00,7,,,
Actions,TBD,TBD,Lecture + Exercises,TBD,2020-02-28,10:00,3,,Darwin,
Actions,TBD,TBD,Lecture + Exercises,TBD,2020-02-28,14:00,3,,Darwin,
Case Studies: Exploitation,Marcus,Rowcliffe,Lecture,Case Studies: Exploitation,2020-02-28,10:00,3,,Darwin,
Case Studies: Exploitation,Marcus,Rowcliffe,Lecture,Case Studies: Exploitation,2020-02-28,13:00,3,,Darwin,
Ecology and Global Change,Guy,Woodward,Lecture,Scaling-up - Planetary Boundaries ,2020-02-28,10:00,1,,Haldane,
Ecology and Global Change,Guy,Woodward,Lecture,Linking Policy to Theory - IPBES,2020-02-28,11:00,1.5,,Haldane,
Ecology and Global Change,Guy,Woodward,Presentation,Group Presentations,2020-02-28,14:00,3,,Haldane,
Evolutionary Modelling,Tin-Yu,Hui,Lecture,Lecture,2020-02-28,10:00,1,,Wallace,
Evolutionary Modelling,Tin-Yu,Hui,Lecture,Lecture,2020-02-28,11:30,1,,Wallace,
Evolutionary Modelling,Tin-Yu,Hui,Practical,Practical,2020-02-28,14:00,3,,Wallace,
Surrey Wildlife Group Project,Tim,Barraclough,Fieldwork,Chobham common group project,2020-02-28,10:00,7,,,
Case Studies: Invasive Species,Morena,Mills,Lecture,Case Studies: Invasive Species,2020-03-02,13:00,3,,Darwin,
Agroecology,Richard,Gill,Lecture,Behaviour and Ecosystems Services,2020-03-03,11:00,1,,,
Agroecology,Richard,Gill,Field Practical,Bee Behaviour,2020-03-03,13:30,3.5,,,
Behavioural Ecology,Richard,Gill,Lecture,Behaviour and Ecosystems Services,2020-03-03,11:00,1,,,
Behavioural Ecology,Richard,Gill,Field Practical,Bee Behaviour,2020-03-03,13:30,3.5,,,
Actions,TBD,TBD,Lecture + Exercises,TBD,2020-03-05,10:00,3,,Darwin,
Actions,TBD,TBD,Lecture + Exercises,TBD,2020-03-05,14:00,3,,Darwin,
Actions,TBD,TBD,Lecture + Exercises,TBD,2020-03-06,10:00,3,,Darwin,
Case Studies: Invasive Species,Morena,Mills,Lecture,Case Studies: Invasive Species,2020-03-06,10:00,3,,Darwin,
Case Studies: Invasive Species,Morena,Mills,Lecture,Case Studies: Invasive Species,2020-03-06,13:00,3,,Darwin,
GIS/Stats/R,Marcus,Rowcliffe,Practical,GIS/Stats/R,2020-03-09,10:00,3,,Hamilton Computer Lab,
GIS/Stats/R,Marcus,Rowcliffe,Practical,GIS/Stats/R,2020-03-09,13:00,3,,Hamilton Computer Lab,
Project preparation,TBD,TBD,TBD,TBD,2020-03-09,10:00,3,,Computer Room,
Project preparation,TBD,TBD,TBD,TBD,2020-03-09,14:00,3,,Computer Room,
GIS/Stats/R,Marcus,Rowcliffe,Practical,GIS/Stats/R,2020-03-10,10:00,3,,Hamilton Computer Lab,
GIS/Stats/R,Marcus,Rowcliffe,Practical,GIS/Stats/R,2020-03-10,13:00,3,,Hamilton Computer Lab,
Project preparation,TBD,TBD,TBD,TBD,2020-03-10,10:00,3,,Computer Room,
Project preparation,TBD,TBD,TBD,TBD,2020-03-10,14:00,3,,Computer Room,
GIS/Stats/R,Marcus,Rowcliffe,Practical,GIS/Stats/R,2020-03-11,10:00,3,,Hamilton Computer Lab,
Project preparation,TBD,TBD,TBD,TBD,2020-03-11,10:00,3,,,
GIS/Stats/R,Marcus,Rowcliffe,Practical,GIS/Stats/R,2020-03-12,10:00,3,,Hamilton Computer Lab,
GIS/Stats/R,Marcus,Rowcliffe,Practical,GIS/Stats/R,2020-03-12,13:00,3,,Hamilton Computer Lab,
Project preparation,TBD,TBD,TBD,TBD,2020-03-12,10:00,3,,ZSL,
Project preparation,TBD,TBD,TBD,TBD,2020-03-12,14:00,3,,ZSL,
GIS/Stats/R,Marcus,Rowcliffe,Practical,GIS/Stats/R,2020-03-13,10:00,3,,Hamilton Computer Lab,
GIS/Stats/R,Marcus,Rowcliffe,Practical,GIS/Stats/R,2020-03-13,13:00,3,,Hamilton Computer Lab,
Project preparation,TBD,TBD,Practical,Project review date,2020-03-13,10:00,3,,CPB,
Project preparation,TBD,TBD,Practical,Project review date,2020-03-13,14:00,3,,CPB,
Agroecology,Richard,Gill,Field Practical,Bee Behaviour continued,2020-04-03,09:00,2,,,
Agroecology,Richard,Gill,Computer Practical,Behavioural Data Anaylsis and Visualisation,2020-04-03,11:15,2.25,,,
Behavioural Ecology,Richard,Gill,Field Practical,Bee Behaviour continued,2020-04-03,09:00,2,,,
Behavioural Ecology,Richard,Gill,Computer Practical,Behavioural Data Anaylsis and Visualisation,2020-04-03,11:15,2.25,,,
Agroecology,Oliver,Windram,Lecture,TBC,2020-05-03,10:00,1,,,
Agroecology,Oliver,Windram,Practical,TBC,2020-05-03,13:00,3,,,
Behavioural ecology,Lauren,Cator,Lecture,Fitness: It's a Bugger,2020-06-03,09:00,1.5,,,
Behavioural ecology,Olivia,Judson,Lecture,Sexual Selection (TBC),2020-06-03,10:45,1,,,
Behavioural Ecology,Olivia,Judson,Discussion,Scientific Writing for Journalism (TBC),2020-06-03,12:00,1,,,
Behavioural Ecology,Lauren,Cator,Lecture,Mating Behaviour and the control of mosquitoes,2020-06-03,14:00,1,,,
Agroecology,Keith,Walters,Field Trip,Syngenta visit (TBC),2020-06-03,10:00,6,,,
Behavioural Ecology,Lauren,Cator,Lecture,Infection and Behaviour,2020-05-03,10:00,1,,,
Behavioural Ecology,Lauren,Cator,Discussion,Is it manipulation?,2020-05-03,11:00,1,,,
Behavioural Ecology,Lauren,Cator,Lecture,Infection and Control,2020-05-03,14:00,1,,,
TFE Writing workshops,Rob,Ewers,Practical,Writing workshop,2020-07-09,10:00,1.5,,,
TFE Writing workshops,Rob,Ewers,Practical,Writing workshop,2020-07-23,10:00,1.5,,,
TFE Writing workshops,Rob,Ewers,Practical,Writing workshop,2020-08-06,10:00,1.5,,,
TFE Writing workshops,Rob,Ewers,Practical,Writing workshop,2020-08-20,10:00,1.5,,,
TFE Writing workshops,Rob,Ewers,Practical,Writing workshop,2020-09-03,10:00,1.5,,,
Ecological Research Methods,,,,Graduate school training,,14:00,3,,,
Current topics in tropical ecology,Rob,Ewers,Discussion,Current topics in tropical ecology - 1,2020-10-22,13:30,2,,,
Current topics in tropical ecology,Rob,Ewers,Discussion,Current topics in tropical ecology - 2,2020-10-29,13:30,2,,,
Current topics in tropical ecology,Rob,Ewers,Discussion,Current topics in tropical ecology - 3,2020-11-05,13:30,2,,,
Current topics in tropical ecology,Rob,Ewers,Discussion,Current topics in tropical ecology - 4,2020-11-12,13:30,2,,,
